-- phpMyAdmin SQL Dump
-- version 5.0.2
-- https://www.phpmyadmin.net/
--
-- Host: 127.0.0.1
-- Generation Time: Jun 09, 2020 at 07:34 PM
-- Server version: 10.4.11-MariaDB
-- PHP Version: 7.2.30

SET SQL_MODE = "NO_AUTO_VALUE_ON_ZERO";
START TRANSACTION;
SET time_zone = "+00:00";


/*!40101 SET @OLD_CHARACTER_SET_CLIENT=@@CHARACTER_SET_CLIENT */;
/*!40101 SET @OLD_CHARACTER_SET_RESULTS=@@CHARACTER_SET_RESULTS */;
/*!40101 SET @OLD_COLLATION_CONNECTION=@@COLLATION_CONNECTION */;
/*!40101 SET NAMES utf8mb4 */;

--
-- Database: `eapi`
--

-- --------------------------------------------------------

--
-- Table structure for table `failed_jobs`
--

CREATE TABLE `failed_jobs` (
  `id` bigint(20) UNSIGNED NOT NULL,
  `connection` text COLLATE utf8mb4_unicode_ci NOT NULL,
  `queue` text COLLATE utf8mb4_unicode_ci NOT NULL,
  `payload` longtext COLLATE utf8mb4_unicode_ci NOT NULL,
  `exception` longtext COLLATE utf8mb4_unicode_ci NOT NULL,
  `failed_at` timestamp NOT NULL DEFAULT current_timestamp()
) ENGINE=InnoDB DEFAULT CHARSET=utf8mb4 COLLATE=utf8mb4_unicode_ci;

-- --------------------------------------------------------

--
-- Table structure for table `migrations`
--

CREATE TABLE `migrations` (
  `id` int(10) UNSIGNED NOT NULL,
  `migration` varchar(255) COLLATE utf8mb4_unicode_ci NOT NULL,
  `batch` int(11) NOT NULL
) ENGINE=InnoDB DEFAULT CHARSET=utf8mb4 COLLATE=utf8mb4_unicode_ci;

--
-- Dumping data for table `migrations`
--

INSERT INTO `migrations` (`id`, `migration`, `batch`) VALUES
(11, '2014_10_12_000000_create_users_table', 1),
(12, '2014_10_12_100000_create_password_resets_table', 1),
(13, '2016_06_01_000001_create_oauth_auth_codes_table', 1),
(14, '2016_06_01_000002_create_oauth_access_tokens_table', 1),
(15, '2016_06_01_000003_create_oauth_refresh_tokens_table', 1),
(16, '2016_06_01_000004_create_oauth_clients_table', 1),
(17, '2016_06_01_000005_create_oauth_personal_access_clients_table', 1),
(18, '2019_08_19_000000_create_failed_jobs_table', 1),
(19, '2020_06_04_090635_create_products_table', 1),
(20, '2020_06_04_090716_create_reviews_table', 1);

-- --------------------------------------------------------

--
-- Table structure for table `oauth_access_tokens`
--

CREATE TABLE `oauth_access_tokens` (
  `id` varchar(100) COLLATE utf8mb4_unicode_ci NOT NULL,
  `user_id` bigint(20) UNSIGNED DEFAULT NULL,
  `client_id` bigint(20) UNSIGNED NOT NULL,
  `name` varchar(255) COLLATE utf8mb4_unicode_ci DEFAULT NULL,
  `scopes` text COLLATE utf8mb4_unicode_ci DEFAULT NULL,
  `revoked` tinyint(1) NOT NULL,
  `created_at` timestamp NULL DEFAULT NULL,
  `updated_at` timestamp NULL DEFAULT NULL,
  `expires_at` datetime DEFAULT NULL
) ENGINE=InnoDB DEFAULT CHARSET=utf8mb4 COLLATE=utf8mb4_unicode_ci;

--
-- Dumping data for table `oauth_access_tokens`
--

INSERT INTO `oauth_access_tokens` (`id`, `user_id`, `client_id`, `name`, `scopes`, `revoked`, `created_at`, `updated_at`, `expires_at`) VALUES
('79baa71306f071502b21963ae9aef43e1b820d332f8dd490617d145b01441195c047036d4b9580af', 5, 2, NULL, '[]', 0, '2020-06-09 10:39:33', '2020-06-09 10:39:33', '2021-06-09 16:24:33'),
('93f8c19bb674c03c52b51325781869ab0e0e319bc079d001db01d5c7be996a2f469adc7cb0ca2d26', 5, 2, NULL, '[]', 0, '2020-06-09 10:57:15', '2020-06-09 10:57:15', '2021-06-09 16:42:15');

-- --------------------------------------------------------

--
-- Table structure for table `oauth_auth_codes`
--

CREATE TABLE `oauth_auth_codes` (
  `id` varchar(100) COLLATE utf8mb4_unicode_ci NOT NULL,
  `user_id` bigint(20) UNSIGNED NOT NULL,
  `client_id` bigint(20) UNSIGNED NOT NULL,
  `scopes` text COLLATE utf8mb4_unicode_ci DEFAULT NULL,
  `revoked` tinyint(1) NOT NULL,
  `expires_at` datetime DEFAULT NULL
) ENGINE=InnoDB DEFAULT CHARSET=utf8mb4 COLLATE=utf8mb4_unicode_ci;

-- --------------------------------------------------------

--
-- Table structure for table `oauth_clients`
--

CREATE TABLE `oauth_clients` (
  `id` bigint(20) UNSIGNED NOT NULL,
  `user_id` bigint(20) UNSIGNED DEFAULT NULL,
  `name` varchar(255) COLLATE utf8mb4_unicode_ci NOT NULL,
  `secret` varchar(100) COLLATE utf8mb4_unicode_ci DEFAULT NULL,
  `provider` varchar(255) COLLATE utf8mb4_unicode_ci DEFAULT NULL,
  `redirect` text COLLATE utf8mb4_unicode_ci NOT NULL,
  `personal_access_client` tinyint(1) NOT NULL,
  `password_client` tinyint(1) NOT NULL,
  `revoked` tinyint(1) NOT NULL,
  `created_at` timestamp NULL DEFAULT NULL,
  `updated_at` timestamp NULL DEFAULT NULL
) ENGINE=InnoDB DEFAULT CHARSET=utf8mb4 COLLATE=utf8mb4_unicode_ci;

--
-- Dumping data for table `oauth_clients`
--

INSERT INTO `oauth_clients` (`id`, `user_id`, `name`, `secret`, `provider`, `redirect`, `personal_access_client`, `password_client`, `revoked`, `created_at`, `updated_at`) VALUES
(1, NULL, 'Laravel Personal Access Client', '5ciUg0jMWK9xpZVTj1RabmfU5AjrNg76Vwq0IJQQ', NULL, 'http://localhost', 1, 0, 0, '2020-06-09 10:35:53', '2020-06-09 10:35:53'),
(2, NULL, 'Laravel Password Grant Client', 'H9BBDHZpU70DujUIMdIkq5cossXnAZbChjkIz4ML', 'users', 'http://localhost', 0, 1, 0, '2020-06-09 10:35:53', '2020-06-09 10:35:53');

-- --------------------------------------------------------

--
-- Table structure for table `oauth_personal_access_clients`
--

CREATE TABLE `oauth_personal_access_clients` (
  `id` bigint(20) UNSIGNED NOT NULL,
  `client_id` bigint(20) UNSIGNED NOT NULL,
  `created_at` timestamp NULL DEFAULT NULL,
  `updated_at` timestamp NULL DEFAULT NULL
) ENGINE=InnoDB DEFAULT CHARSET=utf8mb4 COLLATE=utf8mb4_unicode_ci;

--
-- Dumping data for table `oauth_personal_access_clients`
--

INSERT INTO `oauth_personal_access_clients` (`id`, `client_id`, `created_at`, `updated_at`) VALUES
(1, 1, '2020-06-09 10:35:53', '2020-06-09 10:35:53');

-- --------------------------------------------------------

--
-- Table structure for table `oauth_refresh_tokens`
--

CREATE TABLE `oauth_refresh_tokens` (
  `id` varchar(100) COLLATE utf8mb4_unicode_ci NOT NULL,
  `access_token_id` varchar(100) COLLATE utf8mb4_unicode_ci NOT NULL,
  `revoked` tinyint(1) NOT NULL,
  `expires_at` datetime DEFAULT NULL
) ENGINE=InnoDB DEFAULT CHARSET=utf8mb4 COLLATE=utf8mb4_unicode_ci;

--
-- Dumping data for table `oauth_refresh_tokens`
--

INSERT INTO `oauth_refresh_tokens` (`id`, `access_token_id`, `revoked`, `expires_at`) VALUES
('f5941821fcd2d3ca25c44ff80937e58ff3a9d164d39e4973a38aeaae1c5084e7dd14f0ef34e79ae6', '79baa71306f071502b21963ae9aef43e1b820d332f8dd490617d145b01441195c047036d4b9580af', 0, '2021-06-09 16:24:33'),
('fe7526f248a7ab82d94769519bcca006f5340ee5cda9af900f71a3f7951c618a2bd36817c306d7ed', '93f8c19bb674c03c52b51325781869ab0e0e319bc079d001db01d5c7be996a2f469adc7cb0ca2d26', 0, '2021-06-09 16:42:15');

-- --------------------------------------------------------

--
-- Table structure for table `password_resets`
--

CREATE TABLE `password_resets` (
  `email` varchar(255) COLLATE utf8mb4_unicode_ci NOT NULL,
  `token` varchar(255) COLLATE utf8mb4_unicode_ci NOT NULL,
  `created_at` timestamp NULL DEFAULT NULL
) ENGINE=InnoDB DEFAULT CHARSET=utf8mb4 COLLATE=utf8mb4_unicode_ci;

-- --------------------------------------------------------

--
-- Table structure for table `products`
--

CREATE TABLE `products` (
  `id` bigint(20) UNSIGNED NOT NULL,
  `name` varchar(255) COLLATE utf8mb4_unicode_ci NOT NULL,
  `detail` text COLLATE utf8mb4_unicode_ci NOT NULL,
  `price` int(11) NOT NULL,
  `stock` int(11) NOT NULL,
  `discount` int(11) NOT NULL,
  `user_id` bigint(20) UNSIGNED NOT NULL,
  `created_at` timestamp NULL DEFAULT NULL,
  `updated_at` timestamp NULL DEFAULT NULL
) ENGINE=InnoDB DEFAULT CHARSET=utf8mb4 COLLATE=utf8mb4_unicode_ci;

--
-- Dumping data for table `products`
--

INSERT INTO `products` (`id`, `name`, `detail`, `price`, `stock`, `discount`, `user_id`, `created_at`, `updated_at`) VALUES
(5, 'ea', 'Est a eveniet et inventore in consequatur. Vel qui dignissimos dolorem quasi voluptate. Consequatur aut fuga eaque.', 597, 7, 2, 2, '2020-06-09 10:24:07', '2020-06-09 10:24:07'),
(6, 'aut', 'Dolorem ullam mollitia sed doloremque qui quo. Voluptatibus minus non quas autem. Officiis iusto consequatur quisquam cumque non aut.', 866, 5, 20, 2, '2020-06-09 10:24:07', '2020-06-09 10:24:07'),
(7, 'totam', 'Ad minus quam enim. Ut est minima rerum autem facere consequuntur hic. Magni consequatur vel debitis fugiat. Fugit voluptatem alias expedita beatae autem aut.', 447, 0, 21, 3, '2020-06-09 10:24:07', '2020-06-09 10:24:07'),
(9, 'est', 'Voluptas hic dolores nisi voluptas earum. Aut accusamus laboriosam eum sapiente id labore. Voluptatem unde nihil eius est qui. Blanditiis id iste unde quod sunt laudantium.', 465, 7, 18, 1, '2020-06-09 10:24:07', '2020-06-09 10:24:07'),
(10, 'voluptas', 'Perferendis qui ducimus voluptatem ex et iste officiis. Repellat ea dolores et velit. Sint laboriosam qui facere corrupti quod ipsum. Ut est quaerat rerum ut.', 698, 3, 16, 3, '2020-06-09 10:24:07', '2020-06-09 10:24:07'),
(11, 'sed', 'Dicta nostrum veniam dolores similique. Voluptas dolor itaque laborum officiis est praesentium. Est dolores pariatur quo labore quas. Nihil delectus in autem ea aut.', 792, 0, 3, 1, '2020-06-09 10:24:07', '2020-06-09 10:24:07'),
(12, 'ut', 'Veniam beatae harum corporis est eaque vero. In eligendi qui sit quos sit ut corporis.', 512, 6, 19, 4, '2020-06-09 10:24:07', '2020-06-09 10:24:07'),
(13, 'non', 'Et est ut quam quia atque. Vel et officia et nisi qui aut hic. Et est repellat itaque saepe.', 486, 2, 29, 3, '2020-06-09 10:24:07', '2020-06-09 10:24:07'),
(14, 'consequuntur', 'Eveniet est consequatur et omnis autem fuga. Ut quas nihil sint impedit ut ullam. Ducimus vel consectetur mollitia provident facilis.', 427, 0, 19, 4, '2020-06-09 10:24:07', '2020-06-09 10:24:07'),
(15, 'cumque', 'Consequuntur tempore corporis quasi qui numquam. Et cumque asperiores sapiente culpa culpa. Dolores ex ut qui corrupti vero hic.', 753, 3, 25, 3, '2020-06-09 10:24:07', '2020-06-09 10:24:07'),
(16, 'expedita', 'Corporis ab quam fugit ut et non facilis. Et odio iste voluptates nulla sunt voluptate cupiditate. Sed velit distinctio quis sed nostrum maxime. Sed quidem ut voluptatem beatae explicabo.', 706, 9, 2, 5, '2020-06-09 10:24:07', '2020-06-09 10:24:07'),
(17, 'molestiae', 'Dolores ex eveniet porro voluptatem aliquid voluptatem pariatur. Esse ullam exercitationem consequatur vero vero nobis aut. Eius et explicabo sunt quo et vel perferendis recusandae. In quisquam ducimus ut repudiandae.', 821, 4, 17, 2, '2020-06-09 10:24:07', '2020-06-09 10:24:07'),
(18, 'doloribus', 'Aut similique enim nihil qui nam. Unde sit voluptatem nisi quis occaecati animi. Sunt ut dicta possimus voluptatum quia quibusdam sint.', 801, 4, 30, 5, '2020-06-09 10:24:07', '2020-06-09 10:24:07'),
(19, 'qui', 'Et enim velit doloremque eaque eligendi. Placeat consequuntur quia culpa ea eum quisquam. Aliquid natus eligendi ea eius ratione ut.', 861, 4, 2, 4, '2020-06-09 10:24:07', '2020-06-09 10:24:07'),
(20, 'temporibus', 'Quae commodi doloremque vitae cum ad. Sunt sit nulla dicta tempore iste accusantium asperiores cumque. Quas repellat nostrum praesentium repellat consequatur maiores vitae.', 737, 9, 15, 2, '2020-06-09 10:24:07', '2020-06-09 10:24:07'),
(21, 'dolor', 'Harum iure harum velit dolor. Enim facilis molestiae placeat sed. Inventore quisquam qui repellat asperiores explicabo. Sunt tempore dolor et nihil nemo harum illum.', 109, 9, 29, 5, '2020-06-09 10:24:07', '2020-06-09 10:24:07'),
(22, 'iure', 'Similique eos quibusdam ratione modi. Repellendus consequatur incidunt et omnis eius nobis quis.', 208, 0, 10, 4, '2020-06-09 10:24:07', '2020-06-09 10:24:07'),
(23, 'voluptatem', 'Quia necessitatibus ab ullam rerum dolorem. Repellat sed nihil sit aut.', 219, 9, 28, 2, '2020-06-09 10:24:07', '2020-06-09 10:24:07'),
(24, 'deleniti', 'Et ut reprehenderit consectetur aliquid. Explicabo exercitationem similique et. Adipisci modi quia saepe qui illo ut dolores. Sapiente inventore cupiditate velit nemo.', 771, 1, 24, 3, '2020-06-09 10:24:07', '2020-06-09 10:24:07'),
(25, 'eos', 'Eos voluptatem dignissimos fugit magnam cumque. Eum in tempore aut consequatur nisi. Quae voluptatem incidunt deserunt sed mollitia pariatur aut qui. Aut impedit non velit quisquam doloribus vitae vel.', 717, 4, 2, 4, '2020-06-09 10:24:07', '2020-06-09 10:24:07'),
(26, 'quod', 'Voluptas numquam eum aut atque quo rerum voluptate commodi. Et quia dicta fugit dicta. Exercitationem possimus hic vel ut.', 213, 6, 24, 4, '2020-06-09 10:24:07', '2020-06-09 10:24:07'),
(27, 'cupiditate', 'Esse aut sint nostrum recusandae alias fuga. Sunt voluptas sint amet. Distinctio iusto voluptatem ea fuga qui. Quae explicabo iure fugiat quia non est.', 949, 7, 5, 4, '2020-06-09 10:24:07', '2020-06-09 10:24:07'),
(28, 'minus', 'Sed eveniet molestias molestiae cupiditate nobis quibusdam ducimus. Quae omnis fuga ut ex quod praesentium. Quisquam neque dolor quia aut sit sed deleniti. Tenetur non et esse quae cumque.', 581, 5, 27, 5, '2020-06-09 10:24:07', '2020-06-09 10:24:07'),
(29, 'tenetur', 'Sunt dicta labore et explicabo dolorum qui voluptas officiis. Dolorum magni ipsa quia quia. Illum ex velit voluptates libero laboriosam est facere.', 741, 9, 30, 2, '2020-06-09 10:24:07', '2020-06-09 10:24:07'),
(30, 'quis', 'Non ut eveniet autem. Reiciendis sunt cum ab repudiandae sunt autem est. Molestiae quasi nulla voluptatem.', 686, 9, 22, 2, '2020-06-09 10:24:07', '2020-06-09 10:24:07'),
(31, 'libero', 'Odit architecto molestias labore labore quis quidem. Omnis explicabo porro dignissimos rerum quae id qui dolor. Repellendus est enim aut id nihil. Numquam eos rerum sit ipsum aut minima nesciunt.', 880, 2, 29, 2, '2020-06-09 10:24:07', '2020-06-09 10:24:07'),
(32, 'debitis', 'Est neque sequi ipsam dolores id. Ea neque suscipit expedita saepe tenetur dolorem consectetur et. Ex occaecati nostrum neque cum. Quasi aspernatur et voluptates voluptas officiis molestias excepturi.', 741, 1, 4, 4, '2020-06-09 10:24:07', '2020-06-09 10:24:07'),
(33, 'officiis', 'Maiores voluptatem quasi dolor fugiat harum. Vitae recusandae occaecati sit aut dolore debitis cumque. Sed et sunt consequuntur doloribus expedita.', 133, 7, 13, 2, '2020-06-09 10:24:07', '2020-06-09 10:24:07'),
(34, 'cum', 'Consequatur voluptate molestias perferendis labore maxime eos consectetur. Ex fugiat nam distinctio dolor. Vel illo et minima qui aperiam sit praesentium. Atque eum occaecati quisquam.', 374, 2, 5, 5, '2020-06-09 10:24:07', '2020-06-09 10:24:07'),
(35, 'perspiciatis', 'Dolores ipsum dicta error vero et. Velit inventore rerum natus minus illo dignissimos eius enim. Provident est ut qui non. Sunt voluptatum velit eveniet iusto.', 782, 3, 15, 4, '2020-06-09 10:24:07', '2020-06-09 10:24:07'),
(36, 'consequuntur', 'Iure totam ducimus autem pariatur cumque eum eum laborum. Ut magnam eligendi cum alias. Ullam fuga cum autem et. Vel fugit quae quam ipsam reprehenderit magni. Id veniam pariatur repellat hic fuga veniam fuga.', 603, 3, 18, 3, '2020-06-09 10:24:07', '2020-06-09 10:24:07'),
(37, 'odit', 'Perspiciatis quia iure omnis est ut est. Rerum et fugiat quos inventore eveniet. Rem possimus dolores qui quod officiis.', 755, 2, 15, 1, '2020-06-09 10:24:07', '2020-06-09 10:24:07'),
(38, 'consequuntur', 'Voluptatum consequatur molestias eum nesciunt eius amet. Architecto temporibus quos commodi commodi vero id est aut. Sed eos consequatur libero alias quam in ducimus.', 879, 5, 8, 3, '2020-06-09 10:24:07', '2020-06-09 10:24:07'),
(39, 'voluptatibus', 'Saepe deleniti sed error soluta. Vel voluptatum molestias aliquam earum numquam. Officia nostrum sit quibusdam et veritatis earum. Et doloribus quod tempora quisquam quo.', 286, 8, 7, 5, '2020-06-09 10:24:07', '2020-06-09 10:24:07'),
(40, 'rerum', 'Vel quia tempora qui aut ut dolores. Necessitatibus est quam nostrum voluptates omnis omnis. Sit odit at repellat ut. Ullam quos rerum dicta voluptatem.', 496, 9, 28, 3, '2020-06-09 10:24:07', '2020-06-09 10:24:07'),
(41, 'neque', 'Tempora maxime est nostrum doloribus. Inventore odit illo quis explicabo quidem. Natus enim recusandae totam. Quaerat harum voluptatem molestiae aut impedit.', 756, 8, 19, 2, '2020-06-09 10:24:07', '2020-06-09 10:24:07'),
(42, 'esse', 'Facere praesentium quo rem autem natus. Qui necessitatibus possimus laborum cum qui. Debitis omnis dolor impedit harum et voluptatum sunt. Consectetur blanditiis eos ex consectetur. Omnis saepe maxime quas dicta aut.', 640, 2, 15, 5, '2020-06-09 10:24:07', '2020-06-09 10:24:07'),
(43, 'aut', 'Blanditiis ut quis vero voluptas. Sit quis nihil atque perferendis. Est neque et sunt qui et. Repellendus possimus id non distinctio est voluptates. Quasi voluptatem eos odio consequuntur velit animi deserunt.', 471, 3, 20, 2, '2020-06-09 10:24:07', '2020-06-09 10:24:07'),
(44, 'praesentium', 'Recusandae assumenda tempore nostrum voluptas et placeat. Quas accusamus qui reiciendis sint impedit officia. Error unde vitae itaque eos.', 941, 7, 10, 5, '2020-06-09 10:24:07', '2020-06-09 10:24:07'),
(45, 'accusamus', 'Exercitationem perspiciatis quasi odio repellat beatae. Autem est quia est ab officiis. Dolor voluptas qui et molestiae voluptas.', 428, 1, 22, 3, '2020-06-09 10:24:07', '2020-06-09 10:24:07'),
(46, 'recusandae', 'Ducimus eos quo ducimus autem non fuga exercitationem. Et voluptatem necessitatibus nemo error. Sapiente sit debitis sed quia atque. Nobis modi omnis fuga autem ducimus ut voluptatem.', 200, 2, 15, 4, '2020-06-09 10:24:07', '2020-06-09 10:24:07'),
(47, 'dolorem', 'Voluptates ut totam cupiditate ut autem ut. Voluptas et molestias fugit odit sed. Voluptatem corporis iusto itaque est.', 494, 2, 27, 1, '2020-06-09 10:24:07', '2020-06-09 10:24:07'),
(48, 'exercitationem', 'Vel ex a voluptatem. Modi quo blanditiis sed cum debitis vel. Facilis quia dolorum ullam numquam ullam. Sed provident quia facere repellat modi qui ut.', 103, 0, 6, 2, '2020-06-09 10:24:07', '2020-06-09 10:24:07'),
(49, 'culpa', 'Tempora quidem eligendi est perferendis. Enim enim repudiandae velit. Et velit nemo maiores enim quo.', 586, 4, 22, 5, '2020-06-09 10:24:07', '2020-06-09 10:24:07'),
(50, 'updated again', 'i don\'t know', 509, 6, 21, 5, '2020-06-09 10:24:07', '2020-06-09 10:58:25');

-- --------------------------------------------------------

--
-- Table structure for table `reviews`
--

CREATE TABLE `reviews` (
  `id` bigint(20) UNSIGNED NOT NULL,
  `product_id` bigint(20) UNSIGNED NOT NULL,
  `customer` varchar(255) COLLATE utf8mb4_unicode_ci NOT NULL,
  `review` text COLLATE utf8mb4_unicode_ci NOT NULL,
  `star` int(11) NOT NULL,
  `created_at` timestamp NULL DEFAULT NULL,
  `updated_at` timestamp NULL DEFAULT NULL
) ENGINE=InnoDB DEFAULT CHARSET=utf8mb4 COLLATE=utf8mb4_unicode_ci;

--
-- Dumping data for table `reviews`
--

INSERT INTO `reviews` (`id`, `product_id`, `customer`, `review`, `star`, `created_at`, `updated_at`) VALUES
(1, 14, 'Rupert O\'Keefe', 'Nulla magnam laborum voluptas aut magnam blanditiis. Est sit debitis ut quisquam rem. Molestias est consectetur dolorem in harum suscipit accusamus.', 1, '2020-06-09 10:24:07', '2020-06-09 10:24:07'),
(2, 48, 'Vallie Rath', 'Sed expedita sunt in et ipsam. Nisi exercitationem accusantium sint architecto impedit tenetur. Non reiciendis saepe omnis et vitae.', 3, '2020-06-09 10:24:07', '2020-06-09 10:24:07'),
(3, 30, 'Precious Gusikowski', 'Eligendi eveniet nihil odio provident ut voluptatem eius. Distinctio possimus nostrum maiores molestiae neque accusamus enim non. Expedita quia voluptas atque ratione. Id ullam labore veniam ipsam amet in.', 0, '2020-06-09 10:24:07', '2020-06-09 10:24:07'),
(5, 19, 'Janessa Mosciski', 'Unde numquam quod corrupti. Facere tempora dolores quia ut sequi. Est et et minus natus repellat voluptatem quos. Ut dolorum maiores dicta magni.', 0, '2020-06-09 10:24:07', '2020-06-09 10:24:07'),
(6, 44, 'Jamal Okuneva', 'Aspernatur minus quasi et assumenda consequatur est perspiciatis. Rerum voluptas aliquid nesciunt odio nobis sint perferendis. Quaerat quidem voluptatibus doloremque dolore. Sapiente aut voluptate doloremque laudantium in reprehenderit nisi.', 0, '2020-06-09 10:24:07', '2020-06-09 10:24:07'),
(7, 17, 'Vincenza Bruen MD', 'Possimus ut nesciunt vel non. Voluptatem cupiditate velit veritatis ducimus facere et. Alias est a eum. Non autem nam nulla et soluta.', 5, '2020-06-09 10:24:07', '2020-06-09 10:24:07'),
(8, 14, 'Kyra Gaylord', 'Minus sed voluptatem recusandae omnis dolorum. Praesentium qui accusamus commodi voluptatum sunt blanditiis.', 2, '2020-06-09 10:24:07', '2020-06-09 10:24:07'),
(9, 30, 'Dr. Skylar Hessel II', 'Sunt similique maiores nobis qui sit. Dolorem veritatis est repellat dolores. Ut alias blanditiis et est voluptatibus pariatur.', 4, '2020-06-09 10:24:07', '2020-06-09 10:24:07'),
(10, 40, 'Imelda Beatty', 'Eligendi aut ut doloremque magnam in architecto incidunt. Autem totam officiis et. Ut ad quibusdam aut voluptatem itaque optio assumenda.', 1, '2020-06-09 10:24:07', '2020-06-09 10:24:07'),
(11, 45, 'Katelynn Cummings', 'Consequatur illum natus inventore laboriosam placeat nihil. Quam animi eos pariatur. Qui iusto quo ut hic quae alias occaecati. Amet sed iusto quasi.', 0, '2020-06-09 10:24:07', '2020-06-09 10:24:07'),
(12, 39, 'Allene Russel', 'Sit ipsam illum nam. Nemo aliquam dolores asperiores eius deserunt sequi asperiores. Nihil dolores aspernatur veritatis esse magnam. Porro quia fugit distinctio quis quasi quia.', 5, '2020-06-09 10:24:07', '2020-06-09 10:24:07'),
(13, 33, 'Mr. Jaime Roberts I', 'Magni aut est distinctio modi et. Eaque quas dolores esse sint alias pariatur. Explicabo veritatis perferendis qui blanditiis ut doloribus a. Et ea autem laborum tempore earum exercitationem.', 1, '2020-06-09 10:24:07', '2020-06-09 10:24:07'),
(15, 23, 'Maritza Wolf IV', 'Aliquid blanditiis impedit quis aut modi eligendi eius saepe. Et id dignissimos neque molestias alias aut temporibus. Omnis quia laudantium fuga est aut voluptatem.', 5, '2020-06-09 10:24:07', '2020-06-09 10:24:07'),
(16, 28, 'Prof. Bernardo Orn III', 'Odit rerum fuga animi. Modi officia occaecati accusamus eaque ad earum et perferendis. Aut quae dolorem voluptatem. Vel aspernatur et suscipit aspernatur eligendi laboriosam voluptatibus.', 2, '2020-06-09 10:24:07', '2020-06-09 10:24:07'),
(17, 11, 'Elwyn Hodkiewicz DDS', 'Fugit voluptatem ipsa expedita ducimus. Quaerat pariatur laboriosam laboriosam iure accusantium voluptatem. Iusto laborum voluptatum exercitationem amet dolorem. Ea est et laboriosam quasi repellat illum voluptas eum.', 3, '2020-06-09 10:24:07', '2020-06-09 10:24:07'),
(18, 42, 'Randi Hansen', 'Qui voluptatibus eius earum eos corrupti quibusdam aut consequuntur. Impedit accusantium consequatur error. Exercitationem omnis sequi cumque.', 3, '2020-06-09 10:24:07', '2020-06-09 10:24:07'),
(19, 35, 'Mr. Geovany Altenwerth Sr.', 'Sint sapiente et alias. Possimus sunt sed veritatis voluptatem aut. Voluptatum non tenetur laudantium sint. Ut nihil voluptas veniam qui aliquam.', 2, '2020-06-09 10:24:07', '2020-06-09 10:24:07'),
(20, 9, 'Dayna Mayer', 'Sint nihil ratione consequatur voluptatem. Quo enim mollitia qui labore voluptatem voluptas. Dolor libero molestiae perferendis quis. Vero doloribus modi aliquam occaecati facilis quos tenetur.', 0, '2020-06-09 10:24:07', '2020-06-09 10:24:07'),
(21, 40, 'Mr. Tommie Cruickshank', 'Unde quo cumque aut veritatis qui distinctio minima. Velit dolores possimus dicta. Sapiente cum perspiciatis perferendis perspiciatis.', 0, '2020-06-09 10:24:07', '2020-06-09 10:24:07'),
(22, 39, 'Miles Lang IV', 'Perspiciatis qui et consequatur nesciunt accusamus earum voluptas. Et quia quasi non corporis est. Accusamus earum fugit dolor at distinctio.', 1, '2020-06-09 10:24:07', '2020-06-09 10:24:07'),
(23, 33, 'Lucious Stamm', 'Aut inventore laboriosam consectetur vel ex. Id dicta velit reiciendis. Adipisci eveniet natus a cum. Vel consequatur vero voluptas ut quia at at minima.', 5, '2020-06-09 10:24:07', '2020-06-09 10:24:07'),
(24, 38, 'Philip Moen', 'Nulla dolor sapiente repudiandae similique. Qui laudantium est est minus porro suscipit laborum. Dolor voluptatem ipsum eaque veniam nobis. Maxime et voluptate quaerat sequi nemo. Doloremque optio nulla deleniti perferendis sed ut ea.', 3, '2020-06-09 10:24:07', '2020-06-09 10:24:07'),
(25, 32, 'Mr. Rex Rogahn', 'Explicabo et praesentium autem dolor totam consequatur consequuntur sapiente. Porro aut et assumenda hic voluptatibus. Eius possimus voluptas laudantium rem ut molestiae.', 5, '2020-06-09 10:24:07', '2020-06-09 10:24:07'),
(26, 30, 'Alexander Denesik PhD', 'Dolorem reiciendis modi sapiente illum. Molestiae a accusamus laudantium voluptas porro quo unde. Molestiae voluptate modi quia expedita numquam sed itaque. Doloremque id et modi sunt et voluptatem.', 2, '2020-06-09 10:24:07', '2020-06-09 10:24:07'),
(27, 49, 'Lavada Stamm', 'Sequi temporibus saepe dignissimos dolores. Velit qui rerum non at voluptas consequatur. Eos et odit debitis harum vero sit placeat. Et temporibus quibusdam ea nemo.', 2, '2020-06-09 10:24:07', '2020-06-09 10:24:07'),
(28, 35, 'Ms. Clara Morissette', 'Delectus maiores quos non. Necessitatibus nobis sint eveniet sunt vitae quis repellat. Voluptatem molestias accusantium est natus quasi facilis adipisci. Atque possimus magnam dolore quia sit.', 3, '2020-06-09 10:24:07', '2020-06-09 10:24:07'),
(29, 37, 'Madaline Hermann V', 'Sunt aut vero veniam labore repudiandae quia sed. Et non aperiam a eos inventore cumque omnis. Repellat qui sint earum dignissimos. Magnam sint et minima sapiente eligendi ut error qui.', 1, '2020-06-09 10:24:07', '2020-06-09 10:24:07'),
(30, 36, 'Mrs. Thora Koepp II', 'Repellendus architecto ipsam et aut ullam assumenda. Non qui iusto aliquam qui non nemo. Harum dicta est cumque est. Exercitationem porro sint aliquam quo totam rerum.', 4, '2020-06-09 10:24:07', '2020-06-09 10:24:07'),
(31, 36, 'Mrs. Mikayla Murray', 'Est labore voluptas omnis ut aperiam repellendus id reprehenderit. Autem voluptas praesentium repudiandae eveniet est voluptas est eos. Dolorem ut dignissimos iure ullam quae iste doloribus adipisci. Voluptas et consequatur laborum eligendi consequatur. Porro ipsam nisi dolore voluptas ipsum odio maiores.', 3, '2020-06-09 10:24:07', '2020-06-09 10:24:07'),
(32, 42, 'Angeline Herman', 'Aut id suscipit aut ad. Aut cum itaque repudiandae ut facilis ex. Qui unde ut voluptatum harum aut quidem nesciunt.', 4, '2020-06-09 10:24:07', '2020-06-09 10:24:07'),
(33, 29, 'Gianni Flatley', 'Esse temporibus eos et rerum. Debitis minus occaecati corporis nostrum nobis. Tempora id iusto repudiandae qui. Fugiat temporibus eius qui ipsam rerum fugit maxime.', 0, '2020-06-09 10:24:07', '2020-06-09 10:24:07'),
(34, 45, 'Deanna Renner', 'Velit sequi ut nostrum enim ut aut. Ducimus qui dicta fugit alias mollitia. Cumque mollitia amet amet eum quasi placeat.', 3, '2020-06-09 10:24:07', '2020-06-09 10:24:07'),
(36, 37, 'Rhea McClure', 'Aut ut quia quidem. Ea amet et delectus ab voluptas ut eaque. Culpa totam facere quas nihil.', 5, '2020-06-09 10:24:08', '2020-06-09 10:24:08'),
(37, 11, 'Dr. Estel Rogahn MD', 'Aut voluptatem voluptas est neque minima sit. Ad asperiores sint quia suscipit. Reprehenderit quia ex sit repudiandae quisquam.', 0, '2020-06-09 10:24:08', '2020-06-09 10:24:08'),
(38, 20, 'Prof. Lacy Klocko DVM', 'At eius earum sed possimus aut porro esse quos. Dignissimos perferendis blanditiis qui commodi ipsum. Unde iste eos eum mollitia et est. Et dolore asperiores ad laborum voluptatem itaque. Consequuntur perferendis eum autem aut praesentium dolorum.', 3, '2020-06-09 10:24:08', '2020-06-09 10:24:08'),
(39, 45, 'Kamryn Thiel', 'Blanditiis rerum sequi nihil sunt beatae. Ad inventore dolor velit sit. Et vitae natus dolorum assumenda sed aperiam.', 1, '2020-06-09 10:24:08', '2020-06-09 10:24:08'),
(40, 15, 'Don', 'best revirew', 4, '2020-06-09 10:24:08', '2020-06-09 11:38:31'),
(42, 26, 'Fanny Anderson', 'Neque iste dolore est consequuntur. Ipsam voluptatibus blanditiis praesentium cupiditate ut. Est corporis ab quia id recusandae. Dolorem ex impedit illum voluptatem sed totam omnis.', 0, '2020-06-09 10:24:08', '2020-06-09 10:24:08'),
(43, 49, 'Van O\'Hara IV', 'A ipsa sint aut id. Nulla est dolores ut amet alias. Vel qui maxime suscipit. Autem quis quis incidunt repudiandae velit quia et. Quae totam sunt quisquam autem odio quibusdam.', 3, '2020-06-09 10:24:08', '2020-06-09 10:24:08'),
(44, 12, 'Kayli Bechtelar', 'Suscipit consequuntur voluptatum ut inventore occaecati. Vero explicabo et sint quia enim quis. Beatae similique ea fuga rerum quibusdam vel. Aliquam doloribus beatae consequuntur consequatur non aut sapiente voluptas.', 4, '2020-06-09 10:24:08', '2020-06-09 10:24:08'),
(45, 14, 'Phyllis Denesik Jr.', 'Eius eius amet tempora enim. Totam ea consequatur vero omnis error recusandae ut. Iure qui autem non nulla.', 1, '2020-06-09 10:24:08', '2020-06-09 10:24:08'),
(47, 17, 'Harmony Schmeler DVM', 'Nulla commodi inventore cupiditate sapiente sed voluptas quia dolor. Aut sint aut fugit reprehenderit necessitatibus quis. Et et quo dolorem recusandae accusamus vel aliquid. Voluptas deleniti consequatur pariatur et porro alias.', 4, '2020-06-09 10:24:08', '2020-06-09 10:24:08'),
(48, 19, 'Mrs. Jalyn Waelchi Sr.', 'Necessitatibus minima ut quis deleniti est optio quia. Corporis omnis officia nisi nemo quisquam. Magni et aut voluptas maiores possimus ab.', 2, '2020-06-09 10:24:08', '2020-06-09 10:24:08'),
(49, 26, 'Timmothy Marvin', 'Aut nam et eum facilis assumenda repellat. Voluptatum quia voluptates quia sed molestias. Et esse nihil unde debitis occaecati distinctio est doloribus. Totam qui architecto omnis voluptatem deleniti consequuntur nam.', 1, '2020-06-09 10:24:08', '2020-06-09 10:24:08'),
(50, 17, 'Mr. Arturo Wilkinson IV', 'Minima harum perspiciatis repudiandae esse voluptatem fugit minus. Harum hic alias et et sint consequatur et est. Et omnis cumque quae quasi saepe. Et quisquam voluptatem ratione ipsum veritatis.', 1, '2020-06-09 10:24:08', '2020-06-09 10:24:08'),
(51, 48, 'Cyrus Keebler IV', 'Odio laudantium id enim alias alias. Amet perspiciatis consequuntur velit incidunt totam dolorum. Perferendis nostrum voluptates eius illo. Natus voluptatibus explicabo aut quos. Soluta dolores cupiditate qui occaecati ullam.', 3, '2020-06-09 10:24:08', '2020-06-09 10:24:08'),
(52, 34, 'Prof. Janice Kling MD', 'Debitis quae odit molestias non tenetur natus deserunt. Inventore optio iure et. Aut quos occaecati harum ut.', 4, '2020-06-09 10:24:08', '2020-06-09 10:24:08'),
(53, 47, 'Mr. Melvina Kiehn DDS', 'Illo ea suscipit ducimus. Ut dolorem doloribus et quaerat ipsam. Voluptates mollitia quo iusto quod sunt veniam rerum. Quae earum dolor nihil autem ut.', 5, '2020-06-09 10:24:08', '2020-06-09 10:24:08'),
(54, 22, 'Marc Borer', 'Sapiente provident ex dignissimos. Eos saepe officiis consequatur. Autem voluptas id quod quisquam. Maxime ipsam ullam commodi libero. Ut non nihil dignissimos amet dolorem.', 5, '2020-06-09 10:24:08', '2020-06-09 10:24:08'),
(55, 43, 'Mrs. Gerda Nikolaus', 'Debitis mollitia mollitia mollitia sunt enim ea dolores. Maxime provident doloremque reiciendis est porro. Architecto facere veritatis voluptas commodi enim quae inventore.', 3, '2020-06-09 10:24:08', '2020-06-09 10:24:08'),
(59, 33, 'Josue Swift', 'Est rerum optio neque nihil est sed consequuntur atque. Illo accusamus porro alias perferendis. Dicta velit aspernatur rem minima architecto aut. Quod et sed soluta qui nulla minus.', 1, '2020-06-09 10:24:08', '2020-06-09 10:24:08'),
(60, 31, 'Jeffrey Frami', 'Quo vitae iusto et. Quia dolor voluptas quam doloribus cumque in. Eligendi non et odit consequatur. Eum quasi unde in qui illo.', 2, '2020-06-09 10:24:08', '2020-06-09 10:24:08'),
(61, 29, 'Stanton Flatley', 'Ad architecto eum debitis dicta est similique velit. Illum et nostrum quae. Voluptatem fuga aut voluptas est quasi.', 4, '2020-06-09 10:24:08', '2020-06-09 10:24:08'),
(63, 33, 'Gilbert Schowalter', 'Necessitatibus excepturi enim quis distinctio fugiat. Fugiat nam sit eos molestiae molestiae sit nemo. Distinctio maxime porro quam architecto fuga.', 4, '2020-06-09 10:24:08', '2020-06-09 10:24:08'),
(64, 45, 'Evelyn Rau', 'Consectetur quidem at ea dolorem velit sunt. Incidunt veniam illo optio qui sapiente atque ipsa. Adipisci quos ea illo est excepturi vitae. Ex dolorem et quisquam.', 1, '2020-06-09 10:24:08', '2020-06-09 10:24:08'),
(66, 45, 'Shanel Cummings DDS', 'Occaecati rerum nam doloribus magni autem natus harum. Fugiat animi quas quaerat consequatur odio fugit. Qui repellat at natus ipsam beatae dolores tempore.', 1, '2020-06-09 10:24:08', '2020-06-09 10:24:08'),
(67, 30, 'Miss Adeline Keeling', 'Autem consequuntur omnis eveniet qui error. Quidem eum ut ducimus. Facere adipisci laudantium repellat pariatur illo est autem.', 0, '2020-06-09 10:24:08', '2020-06-09 10:24:08'),
(69, 41, 'Vicenta Steuber', 'Aperiam explicabo autem tenetur et sint sint. Laudantium labore nostrum similique.', 1, '2020-06-09 10:24:08', '2020-06-09 10:24:08'),
(70, 5, 'Hazle Klein', 'Enim qui ea sunt officiis dolores omnis nesciunt. Velit voluptatem laborum nostrum tempora in voluptas autem iusto. Illum dicta quo quisquam.', 3, '2020-06-09 10:24:08', '2020-06-09 10:24:08'),
(72, 7, 'Yolanda Borer', 'Itaque voluptas rerum assumenda voluptates. Voluptatum est natus voluptatibus ut ipsam. Veniam odit maiores dolores neque aut. Velit voluptatem eligendi quo explicabo amet iste sunt.', 1, '2020-06-09 10:24:08', '2020-06-09 10:24:08'),
(73, 45, 'Kiarra McDermott V', 'Laudantium nesciunt possimus vel quae doloribus asperiores eligendi. Aut voluptate consequatur voluptatum ea sunt assumenda. Aut quia mollitia nobis sint ducimus quia. Quam in quos illum porro animi esse.', 1, '2020-06-09 10:24:08', '2020-06-09 10:24:08'),
(74, 17, 'Justina Walter', 'Numquam fugit aliquam vero temporibus. Maiores eveniet doloremque hic est enim reprehenderit et voluptas. Iure ipsam et consequatur voluptas.', 5, '2020-06-09 10:24:08', '2020-06-09 10:24:08'),
(75, 41, 'Angelina Romaguera', 'Fuga mollitia officiis eveniet enim temporibus adipisci. Voluptatum laboriosam optio nesciunt et aut quaerat. Nam consequatur quo ut illo aspernatur provident facilis.', 3, '2020-06-09 10:24:08', '2020-06-09 10:24:08'),
(76, 14, 'Layne Kautzer', 'Debitis beatae sit aut accusantium. Sed quia doloremque rerum id molestiae perspiciatis voluptates similique. Aut magnam tempore cupiditate perspiciatis saepe.', 0, '2020-06-09 10:24:08', '2020-06-09 10:24:08'),
(77, 38, 'Desmond Barrows', 'Ullam saepe corrupti delectus occaecati. Possimus explicabo qui odit consequatur incidunt odit enim cum. Non quod fugit qui iure voluptas aliquid qui.', 2, '2020-06-09 10:24:08', '2020-06-09 10:24:08'),
(78, 35, 'Lafayette Rippin', 'Sunt quia sequi assumenda ut quam. Sed rerum occaecati autem repellendus adipisci. Ea vero voluptatibus perspiciatis hic laborum dolores. Non itaque repellat nisi rerum fugiat.', 1, '2020-06-09 10:24:08', '2020-06-09 10:24:08'),
(79, 9, 'Kyle Pfannerstill', 'Reprehenderit harum maiores et omnis deleniti repellat molestiae autem. Dicta qui omnis exercitationem quo omnis et porro harum. Magnam vel ut ut doloribus similique eum reiciendis.', 0, '2020-06-09 10:24:08', '2020-06-09 10:24:08'),
(80, 25, 'Pearl Hansen', 'Et officiis laborum aut odio ex doloremque. Repellat qui aperiam fugit recusandae commodi. Architecto numquam qui deleniti at. Sapiente eveniet quo excepturi non perferendis dolores et.', 5, '2020-06-09 10:24:08', '2020-06-09 10:24:08'),
(81, 18, 'Dr. Victoria Streich V', 'Laudantium beatae in eaque ut. Sed aut ea corrupti iusto facilis corporis neque. Magni ut sed rerum aut doloribus.', 2, '2020-06-09 10:24:08', '2020-06-09 10:24:08'),
(83, 26, 'Mrs. Letha Ebert', 'Officiis enim consequuntur repellendus error natus mollitia aliquid. Expedita exercitationem quas rerum debitis quae et veniam. Ratione beatae quibusdam quis quisquam.', 1, '2020-06-09 10:24:08', '2020-06-09 10:24:08'),
(84, 18, 'Dianna Turner', 'Aut placeat excepturi sed aliquid eligendi et. Occaecati maxime facilis fuga est est. Ea dolorum consequatur voluptatem saepe dolores amet. Maiores ut qui non qui et eaque.', 0, '2020-06-09 10:24:08', '2020-06-09 10:24:08'),
(85, 34, 'Cara Weber', 'Totam nisi autem consequatur ut optio at magnam minus. At rem incidunt pariatur at fugit quia. Error deleniti illo voluptatibus et. Ea corporis porro vel molestias non eligendi.', 1, '2020-06-09 10:24:08', '2020-06-09 10:24:08'),
(86, 45, 'Dr. Norma Hartmann IV', 'Quas quas sequi ut explicabo molestiae dolore praesentium vel. Sint perferendis mollitia dolorum et id voluptates. Facilis quo dicta est aut praesentium. Fuga aut debitis tenetur repellat alias voluptatem asperiores.', 2, '2020-06-09 10:24:08', '2020-06-09 10:24:08'),
(87, 25, 'Rosina Cummings', 'Ut suscipit quia voluptate dolorem est. Sint ut adipisci quas earum ipsam quibusdam. Tempore sunt perferendis vel est a voluptatibus. Dolorum placeat consectetur maiores dolor quisquam sequi architecto.', 5, '2020-06-09 10:24:08', '2020-06-09 10:24:08'),
(88, 29, 'Saul Kertzmann', 'Laborum hic recusandae eum labore velit suscipit temporibus. Maiores illo voluptas sunt qui voluptatibus. Repellat provident sed tenetur dolor aut velit enim.', 3, '2020-06-09 10:24:08', '2020-06-09 10:24:08'),
(90, 35, 'Abigayle Metz', 'Eveniet dolorem asperiores doloribus architecto voluptas ducimus voluptate sunt. Reprehenderit ratione cum doloribus perferendis laborum aperiam voluptatum. Ex ex aliquid et neque deserunt velit.', 4, '2020-06-09 10:24:08', '2020-06-09 10:24:08'),
(91, 34, 'Percival Kuhic', 'Rerum dolorem reiciendis ea ut. Et quod eum omnis laboriosam praesentium voluptatem. Rerum sit atque magni ut nisi. Ea et quia in id corporis natus ex.', 2, '2020-06-09 10:24:08', '2020-06-09 10:24:08'),
(92, 33, 'Mr. Gregg McDermott V', 'Voluptatem vero fugit ipsum dolor. Id dolorem iste sed sit. Provident voluptatem in ea at est sequi libero. Sit totam alias ut omnis culpa. Saepe nulla laudantium odit laboriosam animi pariatur et velit.', 4, '2020-06-09 10:24:08', '2020-06-09 10:24:08'),
(93, 36, 'Danyka Bergnaum', 'Aspernatur doloribus similique enim voluptate. Inventore molestiae minus sequi sunt corrupti consequatur. Et neque quidem esse facilis. Numquam est doloribus officia labore non tempora.', 2, '2020-06-09 10:24:08', '2020-06-09 10:24:08'),
(94, 14, 'Prof. Lewis Murphy', 'Ea deserunt consectetur impedit vitae. Et perferendis qui ex non libero incidunt iure. Autem alias cupiditate tempora.', 3, '2020-06-09 10:24:08', '2020-06-09 10:24:08'),
(95, 38, 'Dewayne Dicki', 'Ea harum modi est non explicabo distinctio. Autem quam voluptas nesciunt ipsum similique. Eos in non repudiandae. Rerum id quia inventore.', 3, '2020-06-09 10:24:08', '2020-06-09 10:24:08'),
(96, 12, 'Miss Kathryne Macejkovic DDS', 'Porro repellendus molestiae eos nisi aliquam et deserunt nihil. Architecto est voluptatem repellat fugit. Rerum voluptates velit architecto id. Facere commodi adipisci distinctio animi itaque ipsa.', 3, '2020-06-09 10:24:08', '2020-06-09 10:24:08'),
(97, 17, 'Margarett Price', 'Quo perspiciatis quasi necessitatibus facere magni veniam voluptatum. Aspernatur ducimus voluptatem beatae. Ut sit sed quibusdam repudiandae sed blanditiis. Libero impedit neque ea.', 0, '2020-06-09 10:24:08', '2020-06-09 10:24:08'),
(98, 34, 'Rosie Brakus DVM', 'Laborum necessitatibus ut quos dolor veniam possimus veritatis hic. Ex recusandae est nesciunt id quisquam aut. Est cupiditate repudiandae ad in ipsum explicabo quam deleniti.', 5, '2020-06-09 10:24:08', '2020-06-09 10:24:08'),
(99, 38, 'Dr. Uriah Fahey PhD', 'Distinctio fugiat qui ut quia omnis. Voluptas soluta non ab quo non eveniet a. Asperiores tenetur distinctio eius vitae aut mollitia. Itaque voluptatum sint non aut omnis sequi commodi dolore. Cumque reiciendis et deserunt ut doloremque.', 4, '2020-06-09 10:24:08', '2020-06-09 10:24:08'),
(100, 22, 'Rex Mayer', 'Rerum accusantium nostrum possimus iusto rerum dolor atque. Dolorem quis necessitatibus nihil et qui eos. Rerum veniam voluptatem quas perferendis ea. Quo et omnis voluptatibus omnis.', 5, '2020-06-09 10:24:08', '2020-06-09 10:24:08'),
(101, 13, 'Karli Reynolds DDS', 'Praesentium voluptatem soluta quidem atque doloribus aut aliquam. Pariatur quia at consequuntur in est. Ea omnis amet consectetur cupiditate sint ratione. Sint esse dolore et quae.', 0, '2020-06-09 10:24:08', '2020-06-09 10:24:08'),
(102, 21, 'Arnulfo Daugherty I', 'Corporis neque vitae hic veniam. Error qui et a hic dignissimos. Accusantium consectetur reiciendis fuga nisi vel.', 2, '2020-06-09 10:24:08', '2020-06-09 10:24:08'),
(103, 24, 'Uriah Jones', 'Saepe rerum modi eveniet nesciunt rerum harum. Aliquid quo voluptatibus et debitis nam laudantium.', 4, '2020-06-09 10:24:08', '2020-06-09 10:24:08'),
(104, 28, 'Hildegard Halvorson', 'Nihil sunt soluta asperiores sed consequatur quaerat est. Sed eveniet debitis quia error earum veniam. Repellendus porro enim voluptas asperiores velit corporis. Itaque voluptatem non vero voluptas sit in.', 1, '2020-06-09 10:24:08', '2020-06-09 10:24:08'),
(105, 28, 'Floyd Greenholt', 'Sit ipsam eaque tenetur sunt ratione accusamus omnis. Distinctio quibusdam odit voluptatum et. Neque ut nostrum voluptate.', 1, '2020-06-09 10:24:08', '2020-06-09 10:24:08'),
(107, 7, 'Bulah Cartwright', 'Totam veritatis accusamus sapiente nihil sed eum illo neque. Rerum voluptatibus qui molestias repellendus. Quo recusandae et ducimus minus.', 0, '2020-06-09 10:24:08', '2020-06-09 10:24:08'),
(108, 34, 'Landen Macejkovic', 'Numquam incidunt et architecto. Quo consequatur et aspernatur. Reiciendis pariatur qui est voluptatem suscipit.', 4, '2020-06-09 10:24:08', '2020-06-09 10:24:08'),
(109, 18, 'Shaylee Schneider PhD', 'Voluptatem corrupti voluptatem cum doloribus nostrum veniam nostrum tempora. Tempora qui fugit sint illum. Aut placeat voluptatem sit. Autem autem molestiae eos aut.', 5, '2020-06-09 10:24:08', '2020-06-09 10:24:08'),
(111, 18, 'Dr. Kristina Hilpert Jr.', 'Minus aliquam sint eligendi alias. Molestiae qui velit eos ut sed nemo. Cupiditate libero ea dolor. Tempora ab incidunt vero perspiciatis et pariatur.', 1, '2020-06-09 10:24:08', '2020-06-09 10:24:08'),
(112, 37, 'Reyna Wisoky', 'Voluptas cupiditate molestiae delectus nemo. Sed illum et consequuntur sequi perspiciatis. Sit eveniet nobis reiciendis quam blanditiis et voluptatem magni.', 3, '2020-06-09 10:24:08', '2020-06-09 10:24:08'),
(113, 28, 'Ms. Margot Rodriguez MD', 'Omnis reprehenderit eos ipsum id. Consequatur dolor odio eos ut voluptatem ipsum vel. Illum est quo autem ipsam blanditiis eaque amet. Vitae quia maxime est vitae.', 3, '2020-06-09 10:24:08', '2020-06-09 10:24:08'),
(114, 26, 'Dr. Stephan Kessler', 'Architecto expedita tempore sed vitae nihil doloremque quia. Recusandae eos fuga ratione aut enim qui. Magnam ipsa velit consequatur necessitatibus voluptas dignissimos.', 5, '2020-06-09 10:24:08', '2020-06-09 10:24:08'),
(115, 15, 'Gerardo Brown', 'Esse nihil consequatur officiis repellendus consequatur et voluptas. Ipsam quis illum nostrum enim. Mollitia quam laudantium unde exercitationem.', 5, '2020-06-09 10:24:08', '2020-06-09 10:24:08'),
(116, 25, 'Drake Bernhard', 'Fuga reprehenderit aliquam omnis autem temporibus iste. Nulla est sequi sint provident fugiat molestiae quisquam debitis. Occaecati molestiae quisquam assumenda harum.', 4, '2020-06-09 10:24:08', '2020-06-09 10:24:08'),
(117, 32, 'Maybell Denesik', 'Eum quia qui delectus debitis soluta deleniti rerum perferendis. Corporis ut voluptas aliquam ut nam. Fugiat possimus velit voluptatem nam neque deserunt. Non dolorem voluptatem fuga pariatur adipisci.', 0, '2020-06-09 10:24:08', '2020-06-09 10:24:08'),
(118, 19, 'Patience Stehr I', 'At quisquam rerum corrupti cupiditate ducimus vero. Eum dolore aut dolor consequatur aut. Aut neque repellat officia totam quae sed ducimus.', 4, '2020-06-09 10:24:08', '2020-06-09 10:24:08'),
(119, 45, 'Ada Koss', 'Nulla totam voluptate voluptate sunt facere a sapiente. Ut est libero laboriosam ut enim est provident.', 1, '2020-06-09 10:24:08', '2020-06-09 10:24:08'),
(120, 9, 'Zola Kunze', 'Voluptatem dolore excepturi ipsa quam. Reiciendis sit quia cum voluptatem nesciunt. Maiores sed et autem qui in minus repellat excepturi. Vel dolorum nostrum ipsa qui ut nesciunt. Voluptas vero qui fugit.', 5, '2020-06-09 10:24:08', '2020-06-09 10:24:08'),
(121, 19, 'Dr. Kobe Cartwright DDS', 'Ipsam facere incidunt voluptatem doloribus tempora eaque a. Omnis minima vel maiores nostrum ullam libero.', 4, '2020-06-09 10:24:08', '2020-06-09 10:24:08'),
(124, 42, 'Miss Elsa Rempel', 'Ea voluptas sunt cupiditate quas. Inventore dolorem vero expedita voluptate ducimus laboriosam nisi itaque. Voluptas est atque fugit magni corrupti. Doloribus error velit non quia at cum.', 0, '2020-06-09 10:24:08', '2020-06-09 10:24:08'),
(126, 22, 'Lorine Doyle Jr.', 'Voluptatem dolorum ut corrupti voluptas odio. Eum excepturi autem nemo dolorem. Nihil atque voluptatem animi.', 5, '2020-06-09 10:24:08', '2020-06-09 10:24:08'),
(127, 50, 'Damian Mayert', 'Qui dolorem in similique sint accusamus tempora fugiat occaecati. Rerum quasi quia et dolores vitae a aliquid. Laudantium aut repellendus repellendus veniam.', 4, '2020-06-09 10:24:08', '2020-06-09 10:24:08'),
(128, 33, 'Lenora Yundt', 'Aut mollitia vel deserunt odio. Repellat eum natus sequi itaque numquam inventore. Autem totam voluptatem libero sed non eos. At atque animi corrupti est vel. Quia eum est dicta molestiae suscipit.', 3, '2020-06-09 10:24:08', '2020-06-09 10:24:08'),
(129, 39, 'Mr. Javon Cormier', 'Quia temporibus cupiditate non dolores. Sunt impedit veniam assumenda aut quos quos. Inventore architecto quod eveniet voluptatem. Dicta itaque et nostrum.', 1, '2020-06-09 10:24:08', '2020-06-09 10:24:08'),
(130, 25, 'Magali Rogahn V', 'Qui quia qui ullam id doloribus rerum sunt. Aut earum aliquid deleniti blanditiis. Magnam amet dolore perferendis molestiae. Saepe nemo aperiam et.', 2, '2020-06-09 10:24:08', '2020-06-09 10:24:08'),
(131, 34, 'Prof. Veronica Howell', 'Porro non provident ipsum eligendi. Quibusdam reiciendis deleniti ducimus dolore iure nobis quaerat nam. Ut repellat ipsam recusandae corporis at non officia aut.', 5, '2020-06-09 10:24:08', '2020-06-09 10:24:08'),
(132, 16, 'Johan Dietrich I', 'Non accusantium hic ipsum qui architecto iusto unde. Ex soluta nisi culpa rem consequatur dolor et. Perspiciatis officiis assumenda magni error iusto officia ad. Et quia et fuga. Eos sequi porro doloremque laborum.', 2, '2020-06-09 10:24:08', '2020-06-09 10:24:08'),
(133, 50, 'Marcelle Klein', 'Voluptate corporis aut aspernatur est quidem consectetur explicabo. Et inventore quia modi cupiditate ut fugiat. Impedit et et architecto totam nihil provident tenetur. Earum facilis eos libero ad velit.', 0, '2020-06-09 10:24:08', '2020-06-09 10:24:08'),
(135, 35, 'Hermina Ledner', 'Non reprehenderit et mollitia consequatur odio quia. Adipisci maxime repellendus aut sit. In ut velit minima quis voluptatem molestiae.', 3, '2020-06-09 10:24:08', '2020-06-09 10:24:08'),
(136, 17, 'Dorian Marquardt', 'Id quae id reiciendis ipsa odit. Iure ducimus eos dolor cumque sequi rerum. Optio libero dolores suscipit dicta.', 3, '2020-06-09 10:24:08', '2020-06-09 10:24:08'),
(137, 19, 'Darwin Murray IV', 'Dolorum molestiae aspernatur ipsa expedita natus sed ut. Illum quos ut quo velit cupiditate tenetur. Tempora officia amet facere adipisci consectetur magnam. Aut enim aut minus velit. Delectus est est quae repellendus.', 4, '2020-06-09 10:24:08', '2020-06-09 10:24:08'),
(138, 39, 'Palma Spencer V', 'Sint sit consequatur asperiores assumenda. Magni impedit voluptas exercitationem. Occaecati libero et illo deserunt quasi. Qui modi sunt earum culpa.', 2, '2020-06-09 10:24:08', '2020-06-09 10:24:08'),
(139, 36, 'Prof. Isaiah Kilback', 'Alias corporis nulla dolor consequatur. Sed illum sit et architecto sed autem. Quia quia sapiente assumenda dolorum eum non natus.', 2, '2020-06-09 10:24:08', '2020-06-09 10:24:08'),
(140, 11, 'Helene O\'Reilly', 'Aut et aut sed delectus minus. Dolore et labore nihil quo omnis. Voluptatibus aperiam dolor temporibus eum aperiam in nesciunt voluptatibus. Assumenda molestiae eaque corporis asperiores.', 1, '2020-06-09 10:24:08', '2020-06-09 10:24:08'),
(141, 13, 'Marcellus Kris', 'Earum omnis sunt eos sapiente eius. Porro ullam cum ipsa ducimus est error officia. Quam optio voluptatem optio aut quia dolores.', 2, '2020-06-09 10:24:08', '2020-06-09 10:24:08'),
(142, 25, 'Stacy Gutkowski', 'In quae fuga exercitationem eos. Et in ipsa similique temporibus. Nisi ab possimus est rerum vitae qui deserunt. Officia maxime velit accusamus.', 0, '2020-06-09 10:24:08', '2020-06-09 10:24:08'),
(143, 26, 'Rosie Lind', 'Tempore aut non natus minus odit. Ut odit repellendus omnis aliquid et repudiandae in. Quaerat vel sunt non molestias suscipit illum. Molestiae ullam ea omnis officiis perferendis.', 0, '2020-06-09 10:24:08', '2020-06-09 10:24:08'),
(144, 38, 'Jasmin Kris', 'Ab autem rerum officia asperiores explicabo. Porro ad dolor possimus sit quisquam voluptatem sint. Nobis voluptas officiis impedit totam est qui maiores enim.', 0, '2020-06-09 10:24:08', '2020-06-09 10:24:08'),
(145, 41, 'Don Nolan', 'Sit quo qui reprehenderit tempora consequatur odio quia. Quae magni aperiam iure non. Qui sint voluptas voluptas quo expedita.', 0, '2020-06-09 10:24:08', '2020-06-09 10:24:08'),
(146, 23, 'Danika Macejkovic', 'Et iste quod in ut qui tenetur id assumenda. Maiores consequatur et odio et repudiandae et consequatur nesciunt. Aut et voluptate quia doloribus sit harum a. Praesentium nihil optio qui sint.', 2, '2020-06-09 10:24:08', '2020-06-09 10:24:08'),
(147, 21, 'Miss Theresia Corwin Sr.', 'Illo veritatis sit explicabo iste voluptate odit. Aspernatur iusto natus rem sunt dolores eius. Voluptate architecto sed sed tenetur. Voluptatum esse consequatur hic.', 2, '2020-06-09 10:24:08', '2020-06-09 10:24:08'),
(148, 23, 'Mr. Theron Schmidt', 'Ea harum vitae itaque voluptatem ut aliquid quia qui. Aut repellendus reprehenderit consectetur. Eum voluptatem omnis voluptas sint modi.', 2, '2020-06-09 10:24:08', '2020-06-09 10:24:08'),
(149, 27, 'Mckenna O\'Conner', 'Accusantium quaerat eos cupiditate qui qui odio. Officiis et quas voluptatem rem aliquam. Qui non voluptatem et minus qui tempore quam reprehenderit. Commodi dolorum sunt non ipsa reiciendis est sapiente.', 4, '2020-06-09 10:24:08', '2020-06-09 10:24:08'),
(150, 9, 'Mrs. Emmalee Beahan', 'Labore eius quisquam odit rem neque non eligendi quas. Quas ad laborum sapiente occaecati dolores eius molestiae. Ex dolorem laudantium et alias omnis dolore qui culpa. Nihil consequatur dignissimos velit vero eos. Omnis nam sed accusantium.', 4, '2020-06-09 10:24:08', '2020-06-09 10:24:08'),
(151, 30, 'Linnie Lynch', 'Ab ut in at necessitatibus non qui corrupti. Sint omnis minima ipsam optio eum adipisci. Facilis aut perspiciatis facilis sit.', 2, '2020-06-09 10:24:08', '2020-06-09 10:24:08'),
(153, 26, 'Mrs. Augusta Paucek Sr.', 'Quo eum et repudiandae aliquam iure vero. Deserunt vitae recusandae itaque deleniti voluptate. At minima minus laborum magnam. Consequatur non incidunt doloremque deleniti sint. Est dolorum tenetur aperiam ipsam nobis.', 4, '2020-06-09 10:24:08', '2020-06-09 10:24:08'),
(154, 45, 'Sean Funk MD', 'Dolore magnam ut qui eligendi. Itaque voluptas velit accusantium dolor laboriosam consequatur placeat. Et doloribus velit quaerat quibusdam ut assumenda. Velit id neque est tempora.', 3, '2020-06-09 10:24:08', '2020-06-09 10:24:08'),
(155, 33, 'Araceli Padberg', 'Fugit quibusdam voluptatibus cumque ut ex. Non et laborum iusto ratione hic consectetur corporis. Placeat eius voluptatem dolore amet.', 2, '2020-06-09 10:24:08', '2020-06-09 10:24:08'),
(156, 6, 'Reilly Lemke', 'Cupiditate ut aut accusamus. Saepe aut est in suscipit et voluptatem rerum. Ratione alias autem esse. Quidem est modi voluptates aut qui porro architecto.', 0, '2020-06-09 10:24:08', '2020-06-09 10:24:08'),
(157, 43, 'Haylie Schuster I', 'Optio eos corporis et unde laudantium doloribus. Repellendus fuga quidem quas magnam voluptatem voluptas exercitationem. Ut rerum eum aperiam quis officia maxime praesentium.', 0, '2020-06-09 10:24:08', '2020-06-09 10:24:08'),
(158, 14, 'Salma Spinka Sr.', 'Facere eveniet laudantium neque et sed. Ut quisquam harum est sint.', 3, '2020-06-09 10:24:08', '2020-06-09 10:24:08'),
(159, 27, 'Delmer Luettgen IV', 'Temporibus odio hic aut fuga omnis hic. Commodi molestiae quis et saepe ut non nostrum qui. Ullam consequatur quo laborum aliquam corporis voluptates vero.', 0, '2020-06-09 10:24:08', '2020-06-09 10:24:08'),
(160, 25, 'Rosie Crist', 'Reprehenderit porro dolorem quia dignissimos illum odio. Hic enim laboriosam dolorem sit numquam dolorem exercitationem.', 0, '2020-06-09 10:24:08', '2020-06-09 10:24:08'),
(161, 34, 'Prof. Ursula Muller V', 'Exercitationem quia veniam quia non voluptatibus consequatur. Beatae atque repudiandae dolorem omnis et. Aut quae et dolorem fuga et. Non quo eum magni id voluptas.', 0, '2020-06-09 10:24:08', '2020-06-09 10:24:08'),
(162, 32, 'Gia Hahn Jr.', 'Saepe culpa voluptates unde ut numquam voluptates. Culpa et quaerat numquam labore dolore.', 1, '2020-06-09 10:24:08', '2020-06-09 10:24:08'),
(163, 28, 'Johnny Lang', 'Necessitatibus sed sed laudantium blanditiis. Incidunt ducimus non et et. Eaque amet aspernatur ut doloribus ea. Porro ea inventore et eaque.', 2, '2020-06-09 10:24:08', '2020-06-09 10:24:08'),
(164, 44, 'Deion Sauer', 'Saepe omnis velit in sequi eius aut delectus. Et optio dolorem corrupti sint. Aut sed sit odio aspernatur animi consectetur enim. Dolores ipsa beatae laudantium porro. Sit voluptas similique deserunt et voluptate alias quam autem.', 2, '2020-06-09 10:24:08', '2020-06-09 10:24:08'),
(165, 44, 'Mr. Zachary Kling II', 'Sed atque et atque saepe et sed dicta placeat. Et reiciendis sed accusamus cum alias enim aut. Velit voluptatem dolor nobis exercitationem sapiente vitae rem.', 3, '2020-06-09 10:24:08', '2020-06-09 10:24:08'),
(166, 46, 'Franco McGlynn', 'Minima omnis et molestias qui tempora nihil numquam. Vitae dolorum necessitatibus voluptatem magnam dolore ratione. Magni voluptates sint laudantium quos aperiam sit numquam explicabo. Sit et velit velit ut consequatur numquam.', 3, '2020-06-09 10:24:08', '2020-06-09 10:24:08'),
(167, 26, 'Kaleb Schamberger', 'Qui amet atque consectetur laudantium. Mollitia a accusantium dicta aspernatur autem. Consequatur tempore deleniti cum nobis totam accusantium.', 4, '2020-06-09 10:24:08', '2020-06-09 10:24:08'),
(168, 44, 'Ms. Kailyn Zboncak', 'Quis distinctio nostrum maiores ipsum voluptas. Commodi quam facilis officia temporibus. Sequi iusto asperiores modi facere aut culpa praesentium beatae. Id ipsum et voluptate id enim aliquid aut.', 4, '2020-06-09 10:24:08', '2020-06-09 10:24:08'),
(170, 36, 'Buford Runte', 'Ipsum voluptate ipsam aut dolores. Sapiente qui expedita nostrum aut laudantium error. Mollitia expedita animi minima minus animi ut dolorem ipsam. Unde eveniet velit aut totam iure dicta.', 4, '2020-06-09 10:24:08', '2020-06-09 10:24:08'),
(172, 47, 'Kris Feest III', 'Voluptate voluptatem quo sit. Nesciunt et atque modi voluptate pariatur doloribus maxime. Quia soluta atque nobis unde sit repudiandae. Soluta quas dolor non aliquid rerum.', 3, '2020-06-09 10:24:08', '2020-06-09 10:24:08'),
(173, 5, 'Dr. Brody Howe', 'Distinctio illo velit tenetur ut illo pariatur. Deleniti consequatur odit harum neque. Aut perferendis est aperiam molestias qui fugit laudantium dolorem.', 5, '2020-06-09 10:24:08', '2020-06-09 10:24:08'),
(175, 17, 'Alyson Kling', 'Rem blanditiis ut veniam beatae. Tenetur laudantium soluta nesciunt recusandae ut qui unde. Earum assumenda numquam et dolores tempora odio.', 0, '2020-06-09 10:24:08', '2020-06-09 10:24:08'),
(176, 30, 'Dr. Kamren Leffler', 'Cumque voluptatibus voluptates nulla harum doloremque aut adipisci explicabo. Qui cumque repellat sit molestiae fuga consequatur soluta. Nostrum et nobis reprehenderit. Praesentium voluptatibus eveniet ut eum qui unde.', 0, '2020-06-09 10:24:08', '2020-06-09 10:24:08'),
(177, 38, 'Jeromy Goyette', 'Eos ut unde suscipit tempore autem qui soluta ipsum. Sed inventore debitis magni occaecati autem. Qui sunt inventore animi repellat et autem porro rem. Impedit qui aliquid id dolor saepe aliquid. Quis labore praesentium alias quis laborum non non.', 3, '2020-06-09 10:24:08', '2020-06-09 10:24:08'),
(178, 37, 'Ora Kassulke V', 'Non in rerum minus qui modi sunt. Velit aut sint quisquam quo quis voluptatum fugiat. Et sed consequatur itaque dolore ut et aperiam. Dolor voluptas expedita est omnis nobis.', 0, '2020-06-09 10:24:08', '2020-06-09 10:24:08'),
(179, 15, 'Miss Elza Kirlin', 'Minima error optio quam tempore a. Aut in soluta ut nostrum nam quia. Esse molestias sunt cumque dolores eaque.', 1, '2020-06-09 10:24:08', '2020-06-09 10:24:08'),
(180, 49, 'Jaclyn Kulas', 'Quibusdam saepe quibusdam dolore voluptatem voluptas et omnis consequatur. Quia quo suscipit aut pariatur sunt quia voluptatem. Quia hic magni quis eos ut sunt voluptate. Quia dolores est ab id ut. Suscipit aut consequatur qui quia.', 0, '2020-06-09 10:24:08', '2020-06-09 10:24:08'),
(181, 42, 'Miss Queen Larson', 'Animi doloribus perferendis cupiditate unde veniam accusantium. Voluptas officiis nihil ullam ut reiciendis. Rerum facere ducimus vitae at consequatur sit sit. Numquam aut harum vel labore et id.', 4, '2020-06-09 10:24:08', '2020-06-09 10:24:08'),
(182, 33, 'Aisha Tromp', 'Est dicta cupiditate et quis porro sit commodi dolorem. Laudantium a sunt ipsam itaque dolorem et et. Deleniti itaque aliquam quia modi saepe. Est voluptates in voluptates neque.', 2, '2020-06-09 10:24:08', '2020-06-09 10:24:08'),
(183, 21, 'Anya Farrell III', 'Quo pariatur perferendis illo quas est consequuntur blanditiis. Voluptatem temporibus consequuntur nesciunt exercitationem cumque asperiores soluta.', 3, '2020-06-09 10:24:08', '2020-06-09 10:24:08'),
(184, 6, 'Hank Torphy', 'Qui voluptatem impedit quos quia eum et. Natus neque velit nesciunt ad molestiae. Quo dolore repudiandae consequuntur culpa voluptatem officiis.', 3, '2020-06-09 10:24:08', '2020-06-09 10:24:08'),
(185, 49, 'Dr. Harmony Hilpert III', 'Ab voluptas voluptas nihil enim ducimus quam. Vero velit quas exercitationem illum nihil hic culpa. Vel reiciendis doloribus dolores hic. Enim voluptatum autem nulla voluptatem totam doloribus.', 2, '2020-06-09 10:24:08', '2020-06-09 10:24:08'),
(186, 18, 'Clement Pfeffer', 'Nihil at recusandae et velit beatae maiores qui earum. Nihil doloremque non minima eos quis ipsa aut. Doloremque enim at illum a quia. Beatae asperiores et repellendus vero cum voluptas repudiandae eos.', 3, '2020-06-09 10:24:08', '2020-06-09 10:24:08'),
(187, 11, 'Melvin Predovic', 'Et eveniet possimus qui alias dolores aliquid perferendis. Explicabo molestiae molestias maiores vero distinctio. Doloribus et a minus consequuntur. Inventore mollitia non natus nam nesciunt.', 1, '2020-06-09 10:24:08', '2020-06-09 10:24:08'),
(188, 14, 'Anahi Hagenes', 'Et numquam dolore fuga minus a quasi qui. Qui blanditiis culpa hic optio nam maxime animi. Omnis et maiores est libero quia natus.', 5, '2020-06-09 10:24:08', '2020-06-09 10:24:08'),
(189, 9, 'King Monahan', 'Et placeat odit aperiam incidunt voluptatum quia repellat. Voluptas ut quaerat autem autem omnis debitis aut. Ut maiores voluptatem sed aspernatur dolorem. Necessitatibus atque et neque velit omnis quam.', 4, '2020-06-09 10:24:08', '2020-06-09 10:24:08'),
(190, 15, 'Reese Torphy', 'Aut sint aliquam atque dicta non maiores. Aut odit sint vero repellendus. Dignissimos cupiditate totam fugit mollitia mollitia quia. Sunt dolorum vel deleniti assumenda et et ut. Excepturi dicta sed sint maiores assumenda.', 3, '2020-06-09 10:24:08', '2020-06-09 10:24:08'),
(191, 42, 'Daisy Langworth', 'Ut sunt possimus qui consectetur. Vitae neque aut et. Rerum qui voluptatum nihil distinctio et.', 5, '2020-06-09 10:24:08', '2020-06-09 10:24:08'),
(192, 5, 'Zaria Goldner', 'Natus deleniti cupiditate nihil asperiores voluptatem. Sunt reprehenderit soluta ex veritatis reprehenderit at. Et rem veritatis ex. Similique qui aut magni nisi quam amet.', 0, '2020-06-09 10:24:08', '2020-06-09 10:24:08'),
(193, 11, 'Guy Hoeger', 'Doloremque tempora dolorem facilis qui. Distinctio delectus necessitatibus quae laborum repellendus. Nesciunt voluptatem omnis voluptatem debitis laboriosam veniam. Numquam at sint similique porro praesentium dolorem. Qui sit qui laborum dolor illum.', 2, '2020-06-09 10:24:08', '2020-06-09 10:24:08'),
(194, 44, 'Miss Cierra Jacobi II', 'Molestiae molestiae architecto quis illo. Officiis consequuntur sapiente earum. Corporis cumque recusandae accusantium fugiat. Sed ducimus labore quidem rem.', 5, '2020-06-09 10:24:08', '2020-06-09 10:24:08'),
(195, 39, 'Demond Gerhold', 'Vero recusandae eligendi dolores consectetur voluptas ut tenetur. Molestias nulla qui alias beatae. Illo perferendis rem et consequatur unde est. Dolore amet quam quisquam at. Perspiciatis hic sapiente aliquam magni provident necessitatibus itaque.', 1, '2020-06-09 10:24:08', '2020-06-09 10:24:08'),
(196, 13, 'Delores Reinger', 'Id nam facilis omnis accusamus harum recusandae error dolorem. Et nesciunt quis voluptatem tempore ab. Quos quos enim consequatur ipsum. Pariatur quibusdam autem et.', 1, '2020-06-09 10:24:08', '2020-06-09 10:24:08'),
(198, 17, 'Prof. Bonita Nicolas', 'Qui magnam expedita voluptatem dolorem similique nihil. Ea et aliquam quia recusandae laborum doloribus magni. Atque ducimus adipisci qui aut. Laboriosam minus repellat unde. Non repellendus rerum quidem exercitationem qui amet error.', 2, '2020-06-09 10:24:08', '2020-06-09 10:24:08'),
(199, 17, 'Mr. Efrain Abshire DVM', 'Dolorem natus dolore odit est. Sunt odit voluptas incidunt beatae voluptate harum inventore. Libero non non quod est.', 0, '2020-06-09 10:24:08', '2020-06-09 10:24:08'),
(200, 17, 'Glennie Shanahan', 'Exercitationem distinctio dignissimos voluptatibus. Quos officiis ullam aut. Esse sit et et est dolor assumenda dicta sunt.', 0, '2020-06-09 10:24:08', '2020-06-09 10:24:08'),
(201, 24, 'Prof. Shaylee Schumm', 'Quis et ipsa quo autem. Eos aliquid quod aperiam ut cum. Molestiae aliquid enim assumenda quam esse nesciunt quia.', 4, '2020-06-09 10:24:08', '2020-06-09 10:24:08'),
(202, 7, 'Beulah Baumbach', 'Tempore quis enim cumque non. Sunt quam modi minima et et quidem nemo. Possimus et laborum eum repellendus aliquam. Ea odit quisquam qui eius et. Illo voluptas qui quaerat a.', 1, '2020-06-09 10:24:08', '2020-06-09 10:24:08'),
(203, 33, 'Elwyn Feest', 'Temporibus ratione aliquam quia error illo. Ipsum nemo inventore ab quidem. Cupiditate consequatur ipsam eius aut aspernatur.', 2, '2020-06-09 10:24:08', '2020-06-09 10:24:08'),
(204, 15, 'Angel Champlin', 'Alias voluptatem maxime quaerat quia dicta dolorem. Et exercitationem nostrum commodi quaerat at.', 1, '2020-06-09 10:24:08', '2020-06-09 10:24:08'),
(205, 31, 'Aglae Ziemann', 'Inventore maiores reprehenderit est incidunt. Quam vel quam eos nulla sed molestiae. Architecto at impedit maiores est laboriosam ratione voluptatem voluptas.', 5, '2020-06-09 10:24:08', '2020-06-09 10:24:08'),
(206, 14, 'Florida Kuphal', 'Consequuntur quis nihil ut ut pariatur. Quo maxime pariatur aperiam nisi odio eum labore. Explicabo consectetur autem facilis enim iure earum.', 4, '2020-06-09 10:24:08', '2020-06-09 10:24:08'),
(207, 23, 'Hertha Harris', 'Soluta maxime suscipit sapiente. Accusantium ut sit ullam quo fuga. Voluptatem molestiae est nihil dolor neque aliquam sunt. Distinctio et dignissimos vel sapiente deleniti distinctio reiciendis.', 4, '2020-06-09 10:24:08', '2020-06-09 10:24:08'),
(208, 50, 'Dr. Lelah Lynch', 'Nulla odit animi fugiat esse voluptatem temporibus. Ut optio autem consequatur et. Eum repudiandae voluptatem voluptas dolore autem sunt cumque.', 2, '2020-06-09 10:24:08', '2020-06-09 10:24:08'),
(209, 6, 'Anne Kunze', 'Ipsa illum quia enim dicta molestiae omnis. Repellendus nisi vel et neque. Ea cupiditate inventore fuga et facilis dolorum quas.', 3, '2020-06-09 10:24:08', '2020-06-09 10:24:08'),
(210, 9, 'Mr. Granville Reynolds IV', 'Quia id ratione nostrum dignissimos nesciunt tenetur. Nemo quos id ullam quia tempore ipsam. Voluptatum voluptate qui ex quia officia perspiciatis. Quis et qui perferendis quisquam.', 0, '2020-06-09 10:24:08', '2020-06-09 10:24:08'),
(211, 45, 'Mrs. Diana Borer DVM', 'Sunt a quia at omnis ullam minima sint. Recusandae sit tempore laborum saepe voluptatibus placeat et. Doloribus voluptatum quis officiis nulla voluptatem voluptates non.', 2, '2020-06-09 10:24:08', '2020-06-09 10:24:08'),
(212, 42, 'Aglae Gerhold', 'Repellat officiis velit consequatur dolores eos dolorum voluptatem porro. Omnis et architecto et quibusdam dolore. Consequatur vitae minima laudantium magni. Non perspiciatis ipsa aut vel.', 1, '2020-06-09 10:24:08', '2020-06-09 10:24:08'),
(213, 9, 'Tianna Schulist', 'Culpa sint est alias vel accusantium est. Harum reprehenderit aperiam rerum veniam sapiente ducimus quam. Iste ut enim eos quos suscipit sequi praesentium. Veritatis nihil illum sit autem.', 1, '2020-06-09 10:24:08', '2020-06-09 10:24:08'),
(214, 48, 'Clementine Goodwin', 'Saepe at dolor eaque autem delectus corrupti fugit iste. Laborum quibusdam provident ea et. Mollitia repudiandae dolorem architecto et enim molestiae ut. Omnis nulla enim at sint. Dolor libero eius quae soluta aliquam.', 1, '2020-06-09 10:24:08', '2020-06-09 10:24:08'),
(215, 45, 'Darion Bernier', 'Neque quasi itaque illum veritatis quo nisi vero. Nam ut ad et sit voluptas. Aut aut aut quia et nihil. Minus quos doloribus quae.', 0, '2020-06-09 10:24:08', '2020-06-09 10:24:08'),
(216, 5, 'Elyse Reilly', 'Cupiditate magnam ipsa deserunt autem necessitatibus est. Sit dolorum nam facilis voluptas qui possimus. Eos deleniti omnis laborum expedita optio. Et porro occaecati voluptates molestias laboriosam omnis.', 0, '2020-06-09 10:24:08', '2020-06-09 10:24:08'),
(217, 18, 'Mr. Berry Maggio', 'Voluptatem aliquam porro in. Inventore nihil facilis consequuntur et temporibus perferendis dolore. Reprehenderit in qui facilis dolore autem perspiciatis. Qui velit voluptate temporibus ut et dignissimos labore.', 1, '2020-06-09 10:24:08', '2020-06-09 10:24:08'),
(218, 10, 'Vincenzo Morar', 'Eligendi omnis temporibus rerum eaque sequi. Et excepturi et totam est. Rerum aliquam consequatur maiores quaerat perferendis. Consectetur fugit repellat earum libero eligendi dolores. Placeat deleniti eius dicta doloremque.', 5, '2020-06-09 10:24:08', '2020-06-09 10:24:08'),
(219, 23, 'Yasmine Kling', 'Maiores quam unde rerum recusandae et et. Perferendis corrupti iusto libero nihil debitis sit fugiat. Maiores voluptas consequatur eius expedita ut ipsam. Qui culpa perferendis doloremque vitae quis doloremque excepturi. Voluptas excepturi consequatur repellat omnis est.', 3, '2020-06-09 10:24:08', '2020-06-09 10:24:08'),
(221, 18, 'Kay Yundt', 'Rerum mollitia ea beatae inventore eos. Aut aut quam vitae. Saepe officiis ipsum animi non ratione et sed.', 1, '2020-06-09 10:24:08', '2020-06-09 10:24:08'),
(222, 50, 'Miss Teresa Quigley V', 'Nihil et cum in et qui aut velit. Qui dolore commodi quam et sint et temporibus. Et praesentium laudantium tempore ut maiores.', 2, '2020-06-09 10:24:08', '2020-06-09 10:24:08'),
(223, 16, 'Lorna Swaniawski', 'Rem est illum magni blanditiis aperiam. Expedita molestiae architecto alias velit eum. Possimus veritatis voluptatibus repellendus in. Amet a voluptas quis ut omnis dolor id. Sit pariatur voluptas voluptatibus exercitationem molestiae nihil quia.', 1, '2020-06-09 10:24:08', '2020-06-09 10:24:08'),
(224, 35, 'Mr. Michale Miller Sr.', 'Quae ab ut et soluta quae repellendus nisi. Vitae aut nihil iusto enim id. Aperiam totam facere alias autem.', 2, '2020-06-09 10:24:08', '2020-06-09 10:24:08'),
(225, 25, 'Dr. Colton Runolfsson', 'Provident ex perspiciatis voluptatum aut et. Sit est qui fuga. Impedit nisi mollitia dolorem ex ipsam laborum praesentium.', 4, '2020-06-09 10:24:08', '2020-06-09 10:24:08'),
(226, 47, 'Ms. Lolita Lang', 'Aut non atque eligendi et tempore aliquam iusto consequuntur. Vero voluptatem maiores distinctio ut exercitationem. Commodi rem odit numquam animi ut consectetur. Molestiae dolorem iure recusandae ratione saepe tempora.', 1, '2020-06-09 10:24:08', '2020-06-09 10:24:08'),
(227, 28, 'Elmira Berge', 'Sit omnis inventore officiis assumenda dicta eaque qui voluptatem. Magnam laborum sit non alias magnam mollitia facere.', 3, '2020-06-09 10:24:08', '2020-06-09 10:24:08'),
(228, 11, 'Zoie Kiehn', 'Non dignissimos dolor et ipsum cumque. Ducimus sed eos deleniti quidem nisi est. Suscipit delectus assumenda dolores quam ut atque. Rerum consequatur sed consequuntur aut voluptates voluptas.', 2, '2020-06-09 10:24:08', '2020-06-09 10:24:08');
INSERT INTO `reviews` (`id`, `product_id`, `customer`, `review`, `star`, `created_at`, `updated_at`) VALUES
(229, 11, 'Leone Kunze', 'Aut incidunt ut earum perspiciatis cumque voluptatem. Et ut eaque vitae. Itaque eius et recusandae quo sit eveniet modi. Dolorum velit quam ex inventore sed dolorum.', 2, '2020-06-09 10:24:08', '2020-06-09 10:24:08'),
(230, 45, 'Theron Shields', 'Sit officiis sit eos aliquid molestiae impedit. Quia optio suscipit ducimus in aut. Quia eum aperiam accusantium nisi at vero consequatur. Minus molestiae tempore occaecati ipsa voluptatem.', 0, '2020-06-09 10:24:08', '2020-06-09 10:24:08'),
(231, 18, 'Edmund Bauch II', 'Illum soluta nesciunt dolores vel consequatur qui quia. Recusandae pariatur ut et necessitatibus sit hic aut est. Omnis impedit ut veniam consequatur reprehenderit.', 0, '2020-06-09 10:24:08', '2020-06-09 10:24:08'),
(232, 49, 'Mrs. Adeline Aufderhar Sr.', 'Velit molestias et in officiis. Occaecati eum non nam omnis sit. Reiciendis quasi porro fugiat beatae autem expedita. Veniam fuga saepe suscipit reiciendis.', 0, '2020-06-09 10:24:08', '2020-06-09 10:24:08'),
(233, 16, 'Mrs. Natasha Satterfield II', 'Omnis odit veniam distinctio voluptatem quia. Expedita unde laudantium unde et sed. Voluptas fugiat sint praesentium ipsa dolor.', 1, '2020-06-09 10:24:08', '2020-06-09 10:24:08'),
(234, 16, 'Eden Little', 'Id consectetur mollitia necessitatibus consequatur. Nobis non totam quia nihil. Vitae accusamus corporis expedita omnis rerum rem. Aut esse nihil quis nihil.', 5, '2020-06-09 10:24:08', '2020-06-09 10:24:08'),
(235, 13, 'Mr. Jayme Strosin', 'Nostrum adipisci et illo aliquid ea quos. Sed at officia repudiandae unde autem. Doloribus eaque asperiores natus et. Qui quo id adipisci amet. Id incidunt officiis dolorum ipsa eveniet.', 0, '2020-06-09 10:24:08', '2020-06-09 10:24:08'),
(236, 46, 'Sigmund Zieme', 'Ut perferendis ad veritatis eum fugiat saepe quae assumenda. Amet iusto cum magni cum suscipit tempora doloribus. Doloribus aliquid non dolores molestias quia fugit eius.', 2, '2020-06-09 10:24:08', '2020-06-09 10:24:08'),
(237, 29, 'Kaci McKenzie', 'Maxime qui quae aut autem placeat reprehenderit est. Exercitationem quia quos autem impedit ducimus. Qui nulla quas nulla dolorem et. Sed est ea consequuntur quibusdam.', 3, '2020-06-09 10:24:08', '2020-06-09 10:24:08'),
(238, 10, 'Candido Funk', 'Placeat autem et aut. Qui atque temporibus velit distinctio. Facilis nemo aut reiciendis occaecati facilis numquam.', 3, '2020-06-09 10:24:08', '2020-06-09 10:24:08'),
(240, 38, 'Granville Vandervort', 'Veniam voluptatem ab qui iusto. Vel totam distinctio quo et omnis. Id ea dolores qui. Aliquam modi iure vel consequuntur autem.', 4, '2020-06-09 10:24:08', '2020-06-09 10:24:08'),
(241, 43, 'Mrs. Jackie Wyman', 'Et eius enim vel sed voluptatem necessitatibus. Facere magnam aperiam id aut. Ut qui adipisci et ut et voluptatibus.', 3, '2020-06-09 10:24:08', '2020-06-09 10:24:08'),
(242, 49, 'Dereck Langworth', 'Aspernatur in et architecto ex dolorum dolore aut natus. Est ducimus sequi debitis quisquam laborum. Repellat tenetur eum dolorem temporibus.', 4, '2020-06-09 10:24:08', '2020-06-09 10:24:08'),
(243, 11, 'Jade Volkman', 'Enim est accusamus autem quod. Dignissimos libero consequuntur ipsum quia. Fuga omnis assumenda natus exercitationem consequatur.', 1, '2020-06-09 10:24:08', '2020-06-09 10:24:08'),
(244, 48, 'Ms. Julia Swaniawski III', 'Atque rerum iste porro enim expedita sunt. Error voluptatibus qui consequatur nemo. Praesentium aperiam perferendis pariatur aperiam. Sed voluptate et perspiciatis enim magnam impedit odit dolor.', 2, '2020-06-09 10:24:08', '2020-06-09 10:24:08'),
(245, 40, 'Andreane Quitzon', 'Sit voluptas qui voluptates repellat recusandae ad laborum. Natus atque illum architecto repellat reprehenderit. Molestiae commodi ea dolorum ad id. Dolorem culpa neque corporis voluptas et aut ut.', 1, '2020-06-09 10:24:08', '2020-06-09 10:24:08'),
(246, 39, 'Treva Ziemann III', 'Velit officiis magnam temporibus laborum exercitationem. Placeat expedita ea esse voluptas. Sunt voluptatem cupiditate dolores labore praesentium est laborum. Maiores voluptates accusamus assumenda.', 4, '2020-06-09 10:24:08', '2020-06-09 10:24:08'),
(247, 7, 'Miss Gregoria Jacobi', 'Quo rerum alias molestiae voluptatem magni eum. Laboriosam voluptatem odio error tempore veniam sunt nemo suscipit.', 2, '2020-06-09 10:24:08', '2020-06-09 10:24:08'),
(248, 47, 'Kaitlyn Spencer IV', 'Aliquam dignissimos veniam minus quisquam dolore repudiandae similique et. Ullam aut maxime quisquam adipisci eos nemo sequi. Ipsa voluptatem explicabo sed velit id. Tempora qui pariatur explicabo saepe.', 4, '2020-06-09 10:24:08', '2020-06-09 10:24:08'),
(249, 50, 'Golden Waelchi V', 'Omnis omnis quaerat nulla officiis eos cupiditate. Earum fuga alias vel qui non. Nostrum repellendus consectetur rerum et placeat.', 3, '2020-06-09 10:24:08', '2020-06-09 10:24:08'),
(250, 6, 'Candace Harber', 'Non ab accusamus veniam provident. Provident sint eos facilis expedita est. Et provident qui id tempore. Dolorem non facere placeat quos doloribus sint perferendis.', 1, '2020-06-09 10:24:08', '2020-06-09 10:24:08'),
(251, 17, 'Mr. Macey Kris II', 'Unde temporibus eum fugit amet rerum. Est natus magni repellat sapiente rerum. Doloribus nobis ipsa id et omnis velit. Eos porro incidunt a repudiandae.', 4, '2020-06-09 10:24:08', '2020-06-09 10:24:08'),
(253, 28, 'Prof. Llewellyn Block Sr.', 'Accusantium delectus voluptatem ullam officia dolores dolorem quas qui. Officiis perspiciatis blanditiis ad quae. Voluptas sit vero in esse illo enim consectetur. Perferendis quam odit consequatur fugiat excepturi animi totam.', 2, '2020-06-09 10:24:08', '2020-06-09 10:24:08'),
(254, 16, 'Granville Homenick', 'Repellat tempore quos quia eos quibusdam id. Corrupti corrupti similique eligendi quo sint voluptas id. Ipsum ut iusto eum dolor eos.', 5, '2020-06-09 10:24:08', '2020-06-09 10:24:08'),
(255, 14, 'Julia Runolfsdottir', 'Accusantium distinctio quia saepe qui blanditiis. Suscipit nemo ea itaque enim. Asperiores recusandae et sed qui quia autem eum.', 1, '2020-06-09 10:24:08', '2020-06-09 10:24:08'),
(256, 21, 'Wilhelmine O\'Hara', 'Perferendis eaque aut ipsam nobis sunt nemo. Et dignissimos est dicta. Laboriosam quia autem in excepturi qui officiis ipsam est. Repellat in facilis officia dolor.', 4, '2020-06-09 10:24:08', '2020-06-09 10:24:08'),
(257, 23, 'Frieda Berge', 'Voluptatem et exercitationem rerum soluta aut distinctio nisi. Laborum harum et officiis nihil officiis nihil error. Vitae in ut facere maiores maiores sunt et. Illum aut ratione et commodi.', 3, '2020-06-09 10:24:08', '2020-06-09 10:24:08'),
(258, 26, 'Jesus Mitchell IV', 'Deleniti enim labore sed aperiam sint cumque. Id repellat cupiditate nesciunt nulla ex. Optio optio voluptas voluptate voluptatem dolore. Totam fugit enim omnis itaque corporis qui sit reprehenderit.', 3, '2020-06-09 10:24:08', '2020-06-09 10:24:08'),
(259, 37, 'Mrs. Noemi Torphy', 'Sint occaecati ad error dignissimos quis sed. Fugit neque consequatur animi vitae magnam et voluptas dolorum. Sed et eum aliquid dolorem inventore aut accusamus. Vel cumque eum mollitia dolores.', 1, '2020-06-09 10:24:08', '2020-06-09 10:24:08'),
(260, 29, 'Kayla Parisian IV', 'Explicabo eum maxime repudiandae quo. Enim repudiandae est consequuntur consequuntur error optio quasi voluptatem. Ut nihil sunt illo est non quia.', 0, '2020-06-09 10:24:08', '2020-06-09 10:24:08'),
(262, 28, 'Gladys Doyle', 'Quia quia nobis voluptas inventore aut quidem incidunt. Omnis molestias minima ad non rerum non sed. Voluptatum eos non quia excepturi.', 3, '2020-06-09 10:24:08', '2020-06-09 10:24:08'),
(264, 15, 'Dorothy Raynor', 'Ut ut ea tenetur eos id vitae. Accusantium suscipit quia iure quis repellendus. Modi ex suscipit eos impedit est.', 1, '2020-06-09 10:24:08', '2020-06-09 10:24:08'),
(265, 14, 'Daphney Pollich', 'Aut sapiente fugit fuga ad similique nihil incidunt. Deleniti et et velit voluptates quisquam ipsam. Consequuntur beatae doloremque consequatur doloribus. Debitis non blanditiis pariatur dolores dolore et possimus. Voluptatibus sint soluta ea tempore aliquid voluptas.', 1, '2020-06-09 10:24:08', '2020-06-09 10:24:08'),
(266, 5, 'Myrtie Kuphal Sr.', 'Ducimus odit unde enim fuga fugiat iure. Nihil exercitationem et amet. Aut consequatur voluptatem perferendis dolores ut. Vitae quisquam quasi vero corrupti nemo dolorem.', 1, '2020-06-09 10:24:08', '2020-06-09 10:24:08'),
(267, 7, 'Kali Hahn', 'Beatae enim cupiditate neque ea. Cum amet unde dolore sequi. Accusantium autem ducimus rerum atque. Fuga tempora aliquid praesentium eaque qui nostrum.', 4, '2020-06-09 10:24:08', '2020-06-09 10:24:08'),
(268, 13, 'Meagan Abshire', 'Repellendus aut sint et consectetur quis necessitatibus. Ea ex molestias ut qui similique rerum quibusdam. Ut voluptas autem expedita accusantium maxime deleniti perspiciatis. Quod voluptas nobis sit non fuga id optio facilis.', 2, '2020-06-09 10:24:08', '2020-06-09 10:24:08'),
(270, 18, 'Marina Donnelly', 'Et officiis et nihil esse qui nostrum non repellat. Qui deleniti molestias consectetur optio voluptatum labore et. Tempore molestiae inventore quod cum.', 1, '2020-06-09 10:24:08', '2020-06-09 10:24:08'),
(271, 40, 'Dr. Rosendo Schaefer', 'Incidunt excepturi voluptatem beatae nihil. Voluptas commodi odit nobis voluptatem. Nesciunt voluptatem labore nobis excepturi qui harum.', 3, '2020-06-09 10:24:08', '2020-06-09 10:24:08'),
(272, 13, 'Selina Medhurst', 'Ex earum fugiat dolores sint magni. Aspernatur et accusantium omnis ab omnis non. Quia earum est qui qui tempore qui aliquid. Vel cupiditate voluptas accusamus omnis et neque. Sequi dolores at assumenda dignissimos et quia voluptatem incidunt.', 0, '2020-06-09 10:24:08', '2020-06-09 10:24:08'),
(273, 34, 'Miss Jordane Weber', 'Magnam autem earum quam laudantium ut. In distinctio dolores et velit nisi soluta cupiditate. Dolor vel eius nostrum id consequuntur. Nisi inventore veniam et non. Tempora quaerat repellendus odit doloribus vitae inventore vero.', 3, '2020-06-09 10:24:08', '2020-06-09 10:24:08'),
(274, 19, 'Dr. Colten Johns', 'Sequi sapiente odit eum voluptate quo dolores est. Nostrum eos iste blanditiis labore. Corporis vel nobis voluptatem aliquid. Perferendis dolorem saepe non sed ut eos.', 4, '2020-06-09 10:24:08', '2020-06-09 10:24:08'),
(275, 36, 'Miss Myrtie Cruickshank IV', 'Distinctio itaque doloremque distinctio mollitia. Aut facilis non hic nihil rem. Provident vel qui nemo est possimus aut blanditiis.', 4, '2020-06-09 10:24:08', '2020-06-09 10:24:08'),
(276, 44, 'Carroll Koelpin', 'Ad magnam molestias porro ratione perferendis facere pariatur voluptate. Odit dolorem ullam debitis neque aut autem et est. Unde tempora aut omnis autem non porro. Qui id laudantium aut ab sapiente nesciunt.', 2, '2020-06-09 10:24:08', '2020-06-09 10:24:08'),
(277, 47, 'Audrey Hessel', 'Ratione repudiandae porro fugit mollitia soluta illo. Commodi dolores ducimus nam unde sequi recusandae excepturi magni. Minima accusamus consequatur provident non et. Doloribus placeat velit cum voluptatem optio fugit.', 4, '2020-06-09 10:24:08', '2020-06-09 10:24:08'),
(278, 28, 'Mrs. Allene Schumm', 'Assumenda ab deserunt esse. Est in aliquid officia sit. Atque non culpa provident commodi laudantium sit laboriosam. Aut id et est reiciendis ipsam ut nesciunt.', 2, '2020-06-09 10:24:08', '2020-06-09 10:24:08'),
(279, 43, 'Elisabeth Becker MD', 'Ea mollitia qui non iusto quo ad. Error ut corporis assumenda sit voluptatem et. Amet voluptatem dicta sint nostrum. Delectus quae aut est quasi.', 2, '2020-06-09 10:24:08', '2020-06-09 10:24:08'),
(280, 35, 'Clark Lemke Jr.', 'Corporis placeat corporis harum aspernatur sit qui. Rerum enim atque fuga at. In ipsum iusto temporibus et voluptas omnis esse. Dolorum tempora dignissimos rem autem laudantium magni.', 0, '2020-06-09 10:24:08', '2020-06-09 10:24:08'),
(281, 10, 'Mrs. Christiana Kulas PhD', 'Error quo eum qui aspernatur. Dolores voluptas eligendi laboriosam perferendis voluptatem. Dolores illo voluptas sint repudiandae quia soluta. Maxime neque pariatur nulla ut ipsum aut qui. Tempora sunt repudiandae labore tenetur veniam.', 3, '2020-06-09 10:24:08', '2020-06-09 10:24:08'),
(282, 44, 'Jamil Langworth', 'Inventore quidem veniam dolor sed et cumque ipsa. Enim iste quis et quia debitis sed.', 3, '2020-06-09 10:24:08', '2020-06-09 10:24:08'),
(284, 48, 'Dr. Jamar Langworth DDS', 'Omnis consequatur voluptas nisi nesciunt quis culpa provident. Distinctio nulla exercitationem magni incidunt temporibus unde aut laboriosam. Aut inventore labore ut beatae mollitia. Ut nihil qui veritatis sed dolores vitae odit mollitia.', 5, '2020-06-09 10:24:08', '2020-06-09 10:24:08'),
(285, 35, 'Yasmin O\'Keefe', 'Consequatur velit blanditiis et qui sapiente ut quis. Non optio voluptas ad quidem. Et sed est deserunt ad.', 2, '2020-06-09 10:24:08', '2020-06-09 10:24:08'),
(286, 24, 'Angel Bruen', 'Labore ipsum architecto minima et aspernatur. Eligendi ut ut excepturi. Nihil unde voluptas occaecati rerum beatae. Fugiat molestiae excepturi et animi quaerat. Recusandae quae sunt dolor accusantium magni nihil nesciunt.', 5, '2020-06-09 10:24:08', '2020-06-09 10:24:08'),
(287, 25, 'Vivien Rodriguez', 'Quidem nisi architecto nam et accusamus eum cupiditate consectetur. Alias neque et atque iusto culpa qui deserunt. Alias tempora explicabo repudiandae ipsum. Ad iure et sapiente laborum ut. Et architecto nobis est corporis laboriosam.', 3, '2020-06-09 10:24:08', '2020-06-09 10:24:08'),
(288, 7, 'Elian Okuneva', 'Temporibus laborum et sunt error saepe. Quibusdam laudantium reiciendis necessitatibus id cumque aut minima ipsam. Repellendus expedita sunt quibusdam aut.', 5, '2020-06-09 10:24:08', '2020-06-09 10:24:08'),
(289, 20, 'Macey Lind', 'Et quis dolor corrupti quis fuga omnis. Aperiam est laboriosam eum et aspernatur est. Mollitia ut quaerat voluptas vitae eveniet temporibus. Modi ullam a provident sapiente consequatur.', 5, '2020-06-09 10:24:08', '2020-06-09 10:24:08'),
(290, 41, 'Dr. Letha Hermann', 'Velit ut dolorum doloremque unde. Vel aut ipsam sint molestias dolor eos est. Placeat dolor autem nihil voluptas omnis consequatur.', 1, '2020-06-09 10:24:08', '2020-06-09 10:24:08'),
(291, 42, 'Giovanny Kerluke DDS', 'Enim iusto ducimus porro laudantium porro dolores omnis. Voluptatibus nostrum consequuntur molestias tempore consequatur sunt. Et in pariatur quibusdam explicabo.', 3, '2020-06-09 10:24:08', '2020-06-09 10:24:08'),
(292, 23, 'Jolie Kub', 'Reiciendis officiis qui rem a. Pariatur exercitationem sint non et corrupti harum. Qui vel dolores ut beatae.', 0, '2020-06-09 10:24:08', '2020-06-09 10:24:08'),
(293, 19, 'Dr. Christelle Prohaska III', 'Nihil et distinctio quis sit sint. Quae reprehenderit nisi dolor non quo.', 3, '2020-06-09 10:24:08', '2020-06-09 10:24:08'),
(294, 18, 'Barney Russel', 'Cupiditate qui nobis consequatur reiciendis ratione dolorem. Molestiae mollitia et et qui. Facilis eos qui et nostrum quisquam. Architecto eaque voluptas qui.', 5, '2020-06-09 10:24:08', '2020-06-09 10:24:08'),
(295, 42, 'Jay Runte', 'Porro necessitatibus hic sunt non non consequatur. Magnam et veritatis aut culpa ab vel. Similique provident illum consequatur dicta illo porro suscipit ipsam. Eaque dolorem sunt et hic totam reiciendis. Laborum eaque rerum rerum quia eveniet et.', 0, '2020-06-09 10:24:08', '2020-06-09 10:24:08'),
(296, 38, 'Walker Schuppe', 'Corrupti ratione reprehenderit eius odit veniam dignissimos commodi. Est dignissimos molestiae non sit et. Tempore dolore mollitia voluptatem similique quam.', 0, '2020-06-09 10:24:08', '2020-06-09 10:24:08'),
(297, 37, 'Darren Fahey', 'Qui dignissimos veritatis numquam et. Aut vel dolores eius soluta et quidem. Et explicabo qui officia non dicta. Eos et labore nemo aspernatur et.', 3, '2020-06-09 10:24:08', '2020-06-09 10:24:08'),
(298, 31, 'Moises Adams', 'Cumque quia optio assumenda architecto architecto illo. Excepturi mollitia repellendus explicabo ut esse. Est autem odit porro ut ullam. Consequuntur suscipit laborum voluptatem et error qui.', 3, '2020-06-09 10:24:08', '2020-06-09 10:24:08'),
(299, 6, 'Prof. Dawson Pfannerstill', 'Quasi placeat natus voluptatem a dolor. Non rerum tempore eius ratione at qui ex. Quasi suscipit id ducimus nihil eos. Est provident debitis quaerat.', 2, '2020-06-09 10:24:08', '2020-06-09 10:24:08'),
(300, 41, 'Mr. Salvador Spinka III', 'Molestias et ab et itaque aperiam quaerat et. Soluta distinctio sapiente incidunt dolor voluptas. Sunt et mollitia necessitatibus qui sint.', 3, '2020-06-09 10:24:08', '2020-06-09 10:24:08'),
(301, 38, 'Don', 'best revirew', 4, '2020-06-09 11:23:47', '2020-06-09 11:23:47'),
(302, 38, 'Don', 'best revirew', 4, '2020-06-09 11:38:38', '2020-06-09 11:38:38');

-- --------------------------------------------------------

--
-- Table structure for table `users`
--

CREATE TABLE `users` (
  `id` bigint(20) UNSIGNED NOT NULL,
  `name` varchar(255) COLLATE utf8mb4_unicode_ci NOT NULL,
  `email` varchar(255) COLLATE utf8mb4_unicode_ci NOT NULL,
  `email_verified_at` timestamp NULL DEFAULT NULL,
  `password` varchar(255) COLLATE utf8mb4_unicode_ci NOT NULL,
  `remember_token` varchar(100) COLLATE utf8mb4_unicode_ci DEFAULT NULL,
  `created_at` timestamp NULL DEFAULT NULL,
  `updated_at` timestamp NULL DEFAULT NULL
) ENGINE=InnoDB DEFAULT CHARSET=utf8mb4 COLLATE=utf8mb4_unicode_ci;

--
-- Dumping data for table `users`
--

INSERT INTO `users` (`id`, `name`, `email`, `email_verified_at`, `password`, `remember_token`, `created_at`, `updated_at`) VALUES
(1, 'Dr. Philip Jacobs DDS', 'rosalinda.pacocha@example.org', '2020-06-09 10:24:07', '$2y$10$92IXUNpkjO0rOQ5byMi.Ye4oKoEa3Ro9llC/.og/at2.uheWG/igi', 'swxc7Br5Vj', '2020-06-09 10:24:07', '2020-06-09 10:24:07'),
(2, 'Teagan Langosh', 'rcollier@example.com', '2020-06-09 10:24:07', '$2y$10$92IXUNpkjO0rOQ5byMi.Ye4oKoEa3Ro9llC/.og/at2.uheWG/igi', 'luLmYEhZwj', '2020-06-09 10:24:07', '2020-06-09 10:24:07'),
(3, 'Prof. Josephine Schumm IV', 'ytorp@example.net', '2020-06-09 10:24:07', '$2y$10$92IXUNpkjO0rOQ5byMi.Ye4oKoEa3Ro9llC/.og/at2.uheWG/igi', 'UEC3v3EgRW', '2020-06-09 10:24:07', '2020-06-09 10:24:07'),
(4, 'Devon McKenzie', 'schneider.christine@example.net', '2020-06-09 10:24:07', '$2y$10$92IXUNpkjO0rOQ5byMi.Ye4oKoEa3Ro9llC/.og/at2.uheWG/igi', 'dMzt1SeBxX', '2020-06-09 10:24:07', '2020-06-09 10:24:07'),
(5, 'Dr. Malcolm Hoeger', 'vbeer@example.com', '2020-06-09 10:24:07', '$2y$10$92IXUNpkjO0rOQ5byMi.Ye4oKoEa3Ro9llC/.og/at2.uheWG/igi', '6HAzafxAjW', '2020-06-09 10:24:07', '2020-06-09 10:24:07');

--
-- Indexes for dumped tables
--

--
-- Indexes for table `failed_jobs`
--
ALTER TABLE `failed_jobs`
  ADD PRIMARY KEY (`id`);

--
-- Indexes for table `migrations`
--
ALTER TABLE `migrations`
  ADD PRIMARY KEY (`id`);

--
-- Indexes for table `oauth_access_tokens`
--
ALTER TABLE `oauth_access_tokens`
  ADD PRIMARY KEY (`id`),
  ADD KEY `oauth_access_tokens_user_id_index` (`user_id`);

--
-- Indexes for table `oauth_auth_codes`
--
ALTER TABLE `oauth_auth_codes`
  ADD PRIMARY KEY (`id`),
  ADD KEY `oauth_auth_codes_user_id_index` (`user_id`);

--
-- Indexes for table `oauth_clients`
--
ALTER TABLE `oauth_clients`
  ADD PRIMARY KEY (`id`),
  ADD KEY `oauth_clients_user_id_index` (`user_id`);

--
-- Indexes for table `oauth_personal_access_clients`
--
ALTER TABLE `oauth_personal_access_clients`
  ADD PRIMARY KEY (`id`);

--
-- Indexes for table `oauth_refresh_tokens`
--
ALTER TABLE `oauth_refresh_tokens`
  ADD PRIMARY KEY (`id`);

--
-- Indexes for table `password_resets`
--
ALTER TABLE `password_resets`
  ADD KEY `password_resets_email_index` (`email`);

--
-- Indexes for table `products`
--
ALTER TABLE `products`
  ADD PRIMARY KEY (`id`),
  ADD KEY `products_user_id_index` (`user_id`);

--
-- Indexes for table `reviews`
--
ALTER TABLE `reviews`
  ADD PRIMARY KEY (`id`),
  ADD KEY `reviews_product_id_index` (`product_id`);

--
-- Indexes for table `users`
--
ALTER TABLE `users`
  ADD PRIMARY KEY (`id`),
  ADD UNIQUE KEY `users_email_unique` (`email`);

--
-- AUTO_INCREMENT for dumped tables
--

--
-- AUTO_INCREMENT for table `failed_jobs`
--
ALTER TABLE `failed_jobs`
  MODIFY `id` bigint(20) UNSIGNED NOT NULL AUTO_INCREMENT;

--
-- AUTO_INCREMENT for table `migrations`
--
ALTER TABLE `migrations`
  MODIFY `id` int(10) UNSIGNED NOT NULL AUTO_INCREMENT, AUTO_INCREMENT=21;

--
-- AUTO_INCREMENT for table `oauth_clients`
--
ALTER TABLE `oauth_clients`
  MODIFY `id` bigint(20) UNSIGNED NOT NULL AUTO_INCREMENT, AUTO_INCREMENT=3;

--
-- AUTO_INCREMENT for table `oauth_personal_access_clients`
--
ALTER TABLE `oauth_personal_access_clients`
  MODIFY `id` bigint(20) UNSIGNED NOT NULL AUTO_INCREMENT, AUTO_INCREMENT=2;

--
-- AUTO_INCREMENT for table `products`
--
ALTER TABLE `products`
  MODIFY `id` bigint(20) UNSIGNED NOT NULL AUTO_INCREMENT, AUTO_INCREMENT=51;

--
-- AUTO_INCREMENT for table `reviews`
--
ALTER TABLE `reviews`
  MODIFY `id` bigint(20) UNSIGNED NOT NULL AUTO_INCREMENT, AUTO_INCREMENT=303;

--
-- AUTO_INCREMENT for table `users`
--
ALTER TABLE `users`
  MODIFY `id` bigint(20) UNSIGNED NOT NULL AUTO_INCREMENT, AUTO_INCREMENT=6;

--
-- Constraints for dumped tables
--

--
-- Constraints for table `reviews`
--
ALTER TABLE `reviews`
  ADD CONSTRAINT `reviews_product_id_foreign` FOREIGN KEY (`product_id`) REFERENCES `products` (`id`) ON DELETE CASCADE;
COMMIT;

/*!40101 SET CHARACTER_SET_CLIENT=@OLD_CHARACTER_SET_CLIENT */;
/*!40101 SET CHARACTER_SET_RESULTS=@OLD_CHARACTER_SET_RESULTS */;
/*!40101 SET COLLATION_CONNECTION=@OLD_COLLATION_CONNECTION */;
